"","merged.pos","ref251.pos","ref239.pos","ref251","transition.ref","Type","Type.tv1","Type.tv2","WTAA","MUTAA","TVS1_AA","TVS2_AA","bigAAChange","bigAAChange.tv1","bigAAChange.tv2","makesCpG","makesCpG.tv1","makesCpG.tv2","AA251pos"
"1",94,94,94,"g","a","nonsyn","nonsyn","nonsyn","V","I","L","L",0,0,0,0,0,0,32
"2",95,95,95,"t","c","nonsyn","nonsyn","nonsyn","V","A","E","G",0,1,1,0,0,0,32
"3",96,96,96,"a","g","syn","syn","syn","V","V","V","V",0,0,0,0,0,0,32
"4",97,97,97,"c","t","nonsyn","nonsyn","nonsyn","P","S","T","A",1,1,1,0,0,1,33
"5",98,98,98,"c","t","nonsyn","nonsyn","nonsyn","P","L","Q","R",1,1,1,1,1,0,33
"6",99,99,99,"a","g","syn","syn","syn","P","P","P","P",0,0,0,0,0,0,33
"7",100,100,100,"g","a","nonsyn","nonsyn","nonsyn","A","T","P","S",1,1,1,0,0,0,34
"8",101,101,101,"c","t","nonsyn","nonsyn","nonsyn","A","V","D","G",0,1,1,0,0,1,34
"9",102,102,102,"t","c","syn","syn","syn","A","A","A","A",0,0,0,1,0,0,34
"10",103,103,103,"t","c","nonsyn","nonsyn","nonsyn","W","R","R","G",1,1,1,0,1,0,35
"11",104,104,104,"g","a","stop","nonsyn","nonsyn","W","*","S","L",1,1,0,0,0,0,35
"12",105,105,105,"g","a","stop","nonsyn","nonsyn","W","*","C","C",1,1,1,0,1,0,35
"13",106,106,106,"a","g","nonsyn","syn","nonsyn","R","G","R","W",1,0,1,0,1,0,36
"14",107,107,107,"g","a","nonsyn","nonsyn","nonsyn","R","K","T","M",0,1,1,0,0,0,36
"15",108,108,108,"g","a","syn","nonsyn","nonsyn","R","R","S","S",0,1,1,0,0,0,36
"16",109,109,109,"a","g","nonsyn","nonsyn","nonsyn","N","D","H","Y",1,1,1,0,0,0,37
"17",110,110,110,"a","g","nonsyn","nonsyn","nonsyn","N","S","T","I",0,0,1,1,0,0,37
"18",111,111,111,"t","c","syn","nonsyn","nonsyn","N","N","K","K",0,1,1,0,0,0,37
"19",112,112,112,"g","a","nonsyn","nonsyn","nonsyn","A","T","P","S",1,1,1,0,0,0,38
"20",113,113,113,"c","t","nonsyn","nonsyn","nonsyn","A","V","E","G",0,1,1,0,0,0,38
"21",114,114,114,"g","a","syn","syn","syn","A","A","A","A",0,0,0,0,0,0,38
"22",115,115,115,"a","g","nonsyn","nonsyn","nonsyn","T","A","P","S",1,1,0,0,0,0,39
"23",116,116,116,"c","t","nonsyn","nonsyn","nonsyn","T","I","K","R",1,1,1,1,0,0,39
"24",117,117,117,"a","g","syn","syn","syn","T","T","T","T",0,0,0,0,0,0,39
"25",118,118,118,"a","g","nonsyn","nonsyn","nonsyn","I","V","L","F",0,0,0,0,0,0,40
"26",119,119,119,"t","c","nonsyn","nonsyn","nonsyn","I","T","N","S",1,1,1,0,0,0,40
"27",120,120,120,"t","c","syn","syn","nonsyn","I","I","I","M",0,0,0,0,0,0,40
"28",121,121,121,"c","t","nonsyn","nonsyn","nonsyn","P","S","T","A",1,1,1,0,0,1,41
"29",122,122,122,"c","t","nonsyn","nonsyn","nonsyn","P","L","H","R",1,1,1,0,0,1,41
"30",123,123,123,"c","t","syn","syn","syn","P","P","P","P",0,0,0,0,0,1,41
"31",124,124,124,"c","t","nonsyn","nonsyn","nonsyn","L","F","I","V",0,0,0,0,0,1,42
"32",125,125,125,"t","c","nonsyn","nonsyn","nonsyn","L","P","H","R",1,1,1,0,0,0,42
"33",126,126,126,"c","t","syn","syn","syn","L","L","L","L",0,0,0,0,0,1,42
"34",127,127,127,"t","c","nonsyn","nonsyn","nonsyn","F","L","I","V",0,0,0,0,0,0,43
"35",128,128,128,"t","c","nonsyn","nonsyn","nonsyn","F","S","Y","C",1,0,1,0,0,0,43
"36",129,129,129,"c","t","syn","nonsyn","nonsyn","F","F","L","L",0,0,0,1,0,1,43
"37",130,130,130,"t","c","nonsyn","nonsyn","nonsyn","C","R","S","G",1,1,0,0,0,0,44
"38",131,131,131,"g","a","nonsyn","nonsyn","nonsyn","C","Y","S","F",1,1,1,1,0,0,44
"39",132,132,132,"t","c","syn","stop","nonsyn","C","C","*","W",0,1,1,0,0,0,44
"40",133,133,133,"g","a","nonsyn","nonsyn","nonsyn","A","T","P","S",1,1,1,0,0,0,45
"41",134,134,134,"c","t","nonsyn","nonsyn","nonsyn","A","V","E","G",0,1,1,1,0,0,45
"42",135,135,135,"a","g","syn","syn","syn","A","A","A","A",0,0,0,0,0,0,45
"43",136,136,136,"a","g","nonsyn","nonsyn","nonsyn","T","A","P","S",1,1,0,0,0,0,46
"44",137,137,137,"c","t","nonsyn","nonsyn","nonsyn","T","I","N","S",1,0,0,0,0,1,46
"45",138,138,138,"c","t","syn","syn","syn","T","T","T","T",0,0,0,1,0,0,46
"46",139,139,139,"a","g","nonsyn","nonsyn","stop","K","E","Q","*",1,1,1,0,1,0,47
"47",140,140,140,"a","g","nonsyn","nonsyn","nonsyn","K","R","T","M",0,1,1,0,0,0,47
"48",141,141,141,"g","a","syn","nonsyn","nonsyn","K","K","N","N",0,1,1,0,0,0,47
"49",142,142,142,"a","g","nonsyn","nonsyn","nonsyn","N","D","H","Y",1,1,1,0,0,0,48
"50",143,143,143,"a","g","nonsyn","nonsyn","nonsyn","N","S","T","I",0,0,1,0,0,0,48
"51",144,144,144,"t","c","syn","nonsyn","nonsyn","N","N","K","K",0,1,1,0,1,0,48
"52",145,145,145,"a","g","nonsyn","syn","nonsyn","R","G","R","W",1,0,1,0,1,0,49
"53",146,146,146,"g","a","nonsyn","nonsyn","nonsyn","R","K","T","M",0,1,1,0,1,0,49
"54",147,147,147,"g","a","syn","nonsyn","nonsyn","R","R","S","S",0,1,1,0,0,0,49
"55",148,148,148,"g","a","nonsyn","nonsyn","nonsyn","D","N","H","Y",1,1,1,0,0,0,50
"56",149,149,149,"a","g","nonsyn","nonsyn","nonsyn","D","G","A","V",1,1,1,0,0,0,50
"57",150,150,150,"t","c","syn","nonsyn","nonsyn","D","D","E","E",0,0,0,0,0,0,50
"58",151,151,151,"a","g","nonsyn","nonsyn","nonsyn","T","A","P","S",1,1,0,0,0,0,51
"59",152,152,152,"c","t","nonsyn","nonsyn","nonsyn","T","I","N","S",1,0,0,0,0,1,51
"60",153,153,153,"t","c","syn","syn","syn","T","T","T","T",0,0,0,1,0,0,51
"61",154,154,154,"t","c","nonsyn","nonsyn","nonsyn","W","R","R","G",1,1,1,0,1,0,52
"62",155,155,155,"g","a","stop","nonsyn","nonsyn","W","*","S","L",1,1,0,0,1,0,52
"63",156,156,156,"g","a","stop","nonsyn","nonsyn","W","*","C","C",1,1,1,0,1,0,52
"64",157,157,157,"g","a","nonsyn","nonsyn","stop","G","R","R","*",1,1,1,0,0,0,53
"65",158,158,158,"g","a","nonsyn","nonsyn","nonsyn","G","E","A","V",1,1,1,0,0,0,53
"66",159,159,159,"a","g","syn","syn","syn","G","G","G","G",0,0,0,0,0,0,53
"67",160,160,160,"a","g","nonsyn","nonsyn","nonsyn","T","A","P","S",1,1,0,0,0,0,54
"68",161,161,161,"c","t","nonsyn","nonsyn","nonsyn","T","I","K","R",1,1,1,1,0,0,54
"69",162,162,162,"a","g","syn","syn","syn","T","T","T","T",0,0,0,0,0,0,54
"70",163,163,163,"a","g","nonsyn","nonsyn","nonsyn","T","A","P","S",1,1,0,0,0,0,55
"71",164,164,164,"c","t","nonsyn","nonsyn","nonsyn","T","I","N","S",1,0,0,0,0,1,55
"72",165,165,165,"t","c","syn","syn","syn","T","T","T","T",0,0,0,0,0,0,55
"73",166,166,166,"c","t","stop","nonsyn","nonsyn","Q","*","K","E",1,1,1,1,1,0,56
"74",167,167,167,"a","g","nonsyn","nonsyn","nonsyn","Q","R","P","L",1,1,1,0,0,0,56
"75",168,168,168,"g","a","syn","nonsyn","nonsyn","Q","Q","H","H",0,1,1,1,0,0,56
"76",169,169,169,"t","c","nonsyn","nonsyn","nonsyn","C","R","S","G",1,1,0,0,0,0,57
"77",170,170,170,"g","a","nonsyn","nonsyn","nonsyn","C","Y","S","F",1,1,1,0,0,0,57
"78",171,171,171,"c","t","syn","stop","nonsyn","C","C","*","W",0,1,1,0,0,1,57
"79",172,172,172,"c","t","syn","nonsyn","nonsyn","L","L","I","V",0,0,0,0,0,1,58
"80",173,173,173,"t","c","nonsyn","nonsyn","nonsyn","L","P","Q","R",1,1,1,0,0,0,58
"81",174,174,174,"a","g","syn","syn","syn","L","L","L","L",0,0,0,0,0,0,58
"82",175,175,175,"c","t","nonsyn","nonsyn","nonsyn","P","S","T","A",1,1,1,0,0,1,59
"83",176,176,176,"c","t","nonsyn","nonsyn","nonsyn","P","L","Q","R",1,1,1,1,1,0,59
"84",177,177,177,"a","g","syn","syn","syn","P","P","P","P",0,0,0,0,0,0,59
"85",178,178,178,"g","a","nonsyn","nonsyn","nonsyn","D","N","H","Y",1,1,1,0,0,0,60
"86",179,179,179,"a","g","nonsyn","nonsyn","nonsyn","D","G","A","V",1,1,1,0,0,0,60
"87",180,180,180,"t","c","syn","nonsyn","nonsyn","D","D","E","E",0,0,0,0,0,0,60
"88",181,181,181,"a","g","nonsyn","nonsyn","nonsyn","N","D","H","Y",1,1,1,0,0,0,61
"89",182,182,182,"a","g","nonsyn","nonsyn","nonsyn","N","S","T","I",0,0,1,1,0,0,61
"90",183,183,183,"t","c","syn","nonsyn","nonsyn","N","N","K","K",0,1,1,0,1,0,61
"91",184,184,184,"g","a","nonsyn","nonsyn","nonsyn","G","S","R","C",1,1,0,0,0,0,62
"92",185,185,185,"g","a","nonsyn","nonsyn","nonsyn","G","D","A","V",1,1,1,1,0,0,62
"93",186,186,186,"t","c","syn","syn","syn","G","G","G","G",0,0,0,0,0,0,62
"94",187,187,187,"g","a","nonsyn","nonsyn","nonsyn","D","N","H","Y",1,1,1,0,0,0,63
"95",188,188,188,"a","g","nonsyn","nonsyn","nonsyn","D","G","A","V",1,1,1,0,0,0,63
"96",189,189,189,"t","c","syn","nonsyn","nonsyn","D","D","E","E",0,0,0,0,0,0,63
"97",190,190,190,"t","c","nonsyn","nonsyn","nonsyn","Y","H","N","D",1,1,1,0,0,0,64
"98",191,191,191,"a","g","nonsyn","nonsyn","nonsyn","Y","C","S","F",1,1,0,0,0,0,64
"99",192,192,192,"t","c","syn","stop","stop","Y","Y","*","*",0,1,1,0,0,0,64
"100",193,193,193,"t","c","nonsyn","nonsyn","nonsyn","S","P","T","A",1,0,1,0,0,0,65
"101",194,194,194,"c","t","nonsyn","stop","stop","S","L","*","*",1,1,1,1,1,0,65
"102",195,195,195,"a","g","syn","syn","syn","S","S","S","S",0,0,0,0,0,0,65
"103",196,196,196,"g","a","nonsyn","nonsyn","stop","E","K","Q","*",1,1,1,0,0,0,66
"104",197,197,197,"a","g","nonsyn","nonsyn","nonsyn","E","G","A","V",1,1,1,0,0,0,66
"105",198,198,198,"a","g","syn","nonsyn","nonsyn","E","E","D","D",0,0,0,0,0,0,66
"106",199,199,199,"t","c","syn","nonsyn","nonsyn","L","L","M","V",0,0,0,1,0,0,67
"107",200,200,200,"t","c","nonsyn","stop","nonsyn","L","S","*","W",1,1,0,0,1,0,67
"108",201,201,201,"g","a","syn","nonsyn","nonsyn","L","L","F","F",0,0,0,0,0,0,67
"109",202,202,202,"g","a","nonsyn","nonsyn","nonsyn","A","T","P","S",1,1,1,0,0,0,68
"110",203,203,203,"c","t","nonsyn","nonsyn","nonsyn","A","V","D","G",0,1,1,0,0,1,68
"111",204,204,204,"c","t","syn","syn","syn","A","A","A","A",0,0,0,0,0,1,68
"112",205,205,205,"c","t","nonsyn","nonsyn","nonsyn","L","F","I","V",0,0,0,0,0,1,69
"113",206,206,206,"t","c","nonsyn","nonsyn","nonsyn","L","P","H","R",1,1,1,0,0,0,69
"114",207,207,207,"t","c","syn","syn","syn","L","L","L","L",0,0,0,0,0,0,69
"115",208,208,208,"a","g","nonsyn","nonsyn","nonsyn","N","D","H","Y",1,1,1,0,0,0,70
"116",209,209,209,"a","g","nonsyn","nonsyn","nonsyn","N","S","T","I",0,0,1,1,0,0,70
"117",210,210,210,"t","c","syn","nonsyn","nonsyn","N","N","K","K",0,1,1,0,0,0,70
"118",211,211,211,"g","a","nonsyn","nonsyn","nonsyn","V","I","L","F",0,0,0,0,0,0,71
"119",212,212,212,"t","c","nonsyn","nonsyn","nonsyn","V","A","D","G",0,1,1,0,0,0,71
"120",213,213,213,"t","c","syn","syn","syn","V","V","V","V",0,0,0,0,0,0,71
"121",214,214,214,"a","g","nonsyn","nonsyn","nonsyn","T","A","P","S",1,1,0,0,0,0,72
"122",215,215,215,"c","t","nonsyn","nonsyn","nonsyn","T","I","K","R",1,1,1,1,1,0,72
"123",216,216,216,"a","g","syn","syn","syn","T","T","T","T",0,0,0,0,0,0,72
"124",217,217,217,"g","a","nonsyn","nonsyn","stop","E","K","Q","*",1,1,1,0,0,0,73
"125",218,218,218,"a","g","nonsyn","nonsyn","nonsyn","E","G","A","V",1,1,1,0,0,0,73
"126",219,219,219,"a","g","syn","nonsyn","nonsyn","E","E","D","D",0,0,0,0,1,0,73
"127",220,220,220,"a","g","nonsyn","nonsyn","nonsyn","S","G","R","C",1,1,1,0,0,0,74
"128",221,221,221,"g","a","nonsyn","nonsyn","nonsyn","S","N","T","I",0,0,1,0,0,0,74
"129",222,222,222,"c","t","syn","nonsyn","nonsyn","S","S","R","R",0,1,1,0,0,1,74
"130",223,223,223,"t","c","nonsyn","nonsyn","nonsyn","F","L","I","V",0,0,0,0,0,0,75
"131",224,224,224,"t","c","nonsyn","nonsyn","nonsyn","F","S","Y","C",1,0,1,1,0,0,75
"132",225,225,225,"t","c","syn","nonsyn","nonsyn","F","F","L","L",0,0,0,0,0,0,75
"133",226,226,226,"g","a","nonsyn","nonsyn","nonsyn","D","N","H","Y",1,1,1,0,0,0,76
"134",227,227,227,"a","g","nonsyn","nonsyn","nonsyn","D","G","A","V",1,1,1,1,0,0,76
"135",228,228,228,"t","c","syn","nonsyn","nonsyn","D","D","E","E",0,0,0,0,0,0,76
"136",229,229,229,"g","a","nonsyn","nonsyn","nonsyn","A","T","P","S",1,1,1,0,0,0,77
"137",230,230,230,"c","t","nonsyn","nonsyn","nonsyn","A","V","D","G",0,1,1,0,0,1,77
"138",231,231,231,"t","c","syn","syn","syn","A","A","A","A",0,0,0,1,0,0,77
"139",232,232,232,"t","c","nonsyn","nonsyn","nonsyn","W","R","R","G",1,1,1,0,1,0,78
"140",233,233,233,"g","a","stop","nonsyn","nonsyn","W","*","S","L",1,1,0,0,1,0,78
"141",234,234,234,"g","a","stop","nonsyn","nonsyn","W","*","C","C",1,1,1,0,0,0,78
"142",235,235,235,"g","a","nonsyn","nonsyn","stop","E","K","Q","*",1,1,1,0,1,0,79
"143",236,236,236,"a","g","nonsyn","nonsyn","nonsyn","E","G","A","V",1,1,1,0,0,0,79
"144",237,237,237,"g","a","syn","nonsyn","nonsyn","E","E","D","D",0,0,0,0,0,0,79
"145",238,238,238,"a","g","nonsyn","nonsyn","nonsyn","N","D","H","Y",1,1,1,0,0,0,80
"146",239,239,239,"a","g","nonsyn","nonsyn","nonsyn","N","S","T","I",0,0,1,0,0,0,80
"147",240,240,240,"t","c","syn","nonsyn","nonsyn","N","N","K","K",0,1,1,0,0,0,80
"148",241,241,241,"a","g","nonsyn","nonsyn","nonsyn","T","A","P","S",1,1,0,0,0,0,81
"149",242,242,242,"c","t","nonsyn","nonsyn","nonsyn","T","I","K","R",1,1,1,1,1,0,81
"150",243,243,243,"a","g","syn","syn","syn","T","T","T","T",0,0,0,0,0,0,81
"151",244,244,244,"g","a","nonsyn","nonsyn","nonsyn","V","I","L","F",0,0,0,0,0,0,82
"152",245,245,245,"t","c","nonsyn","nonsyn","nonsyn","V","A","D","G",0,1,1,0,0,0,82
"153",246,246,246,"c","t","syn","syn","syn","V","V","V","V",0,0,0,1,0,0,82
"154",247,247,247,"a","g","nonsyn","nonsyn","nonsyn","T","A","P","S",1,1,0,0,0,0,83
"155",248,248,248,"c","t","nonsyn","nonsyn","nonsyn","T","I","K","R",1,1,1,1,1,0,83
"156",249,249,249,"a","g","syn","syn","syn","T","T","T","T",0,0,0,0,0,0,83
"157",250,250,250,"g","a","nonsyn","nonsyn","stop","E","K","Q","*",1,1,1,0,0,0,84
"158",251,251,251,"a","g","nonsyn","nonsyn","nonsyn","E","G","A","V",1,1,1,0,0,0,84
"159",252,252,252,"a","g","syn","nonsyn","nonsyn","E","E","D","D",0,0,0,0,0,0,84
"160",253,253,253,"c","t","stop","nonsyn","nonsyn","Q","*","K","E",1,1,1,1,1,0,85
"161",254,254,254,"a","g","nonsyn","nonsyn","nonsyn","Q","R","P","L",1,1,1,0,1,0,85
"162",255,255,255,"g","a","syn","nonsyn","nonsyn","Q","Q","H","H",0,1,1,0,0,0,85
"163",256,256,256,"g","a","nonsyn","nonsyn","nonsyn","A","T","P","S",1,1,1,0,0,0,86
"164",257,257,257,"c","t","nonsyn","nonsyn","nonsyn","A","V","E","G",0,1,1,1,0,0,86
"165",258,258,258,"a","g","syn","syn","syn","A","A","A","A",0,0,0,0,0,0,86
"166",259,259,259,"a","g","nonsyn","nonsyn","nonsyn","I","V","L","L",0,0,0,0,0,0,87
"167",260,260,260,"t","c","nonsyn","nonsyn","nonsyn","I","T","K","R",1,1,1,0,1,0,87
"168",261,261,261,"a","g","nonsyn","syn","syn","I","M","I","I",0,0,0,0,0,0,87
"169",262,262,262,"g","a","nonsyn","nonsyn","stop","E","K","Q","*",1,1,1,0,1,0,88
"170",263,263,263,"a","g","nonsyn","nonsyn","nonsyn","E","G","A","V",1,1,1,0,1,0,88
"171",264,264,264,"g","a","syn","nonsyn","nonsyn","E","E","D","D",0,0,0,0,0,0,88
"172",265,265,265,"g","a","nonsyn","nonsyn","nonsyn","D","N","H","Y",1,1,1,0,0,0,89
"173",266,266,266,"a","g","nonsyn","nonsyn","nonsyn","D","G","A","V",1,1,1,1,0,0,89
"174",267,267,267,"t","c","syn","nonsyn","nonsyn","D","D","E","E",0,0,0,0,0,0,89
"175",268,268,268,"g","a","nonsyn","nonsyn","nonsyn","V","I","L","L",0,0,0,0,0,0,90
"176",269,269,269,"t","c","nonsyn","nonsyn","nonsyn","V","A","E","G",0,1,1,0,0,0,90
"177",270,270,270,"a","g","syn","syn","syn","V","V","V","V",0,0,0,1,0,0,90
"178",271,271,271,"t","c","nonsyn","nonsyn","nonsyn","W","R","R","G",1,1,1,0,1,0,91
"179",272,272,272,"g","a","stop","nonsyn","nonsyn","W","*","S","L",1,1,0,0,0,0,91
"180",273,273,273,"g","a","stop","nonsyn","nonsyn","W","*","C","C",1,1,1,0,0,0,91
"181",274,274,274,"c","t","stop","nonsyn","nonsyn","Q","*","K","E",1,1,1,1,0,0,92
"182",275,275,275,"a","g","nonsyn","nonsyn","nonsyn","Q","R","P","L",1,1,1,0,0,0,92
"183",276,276,276,"a","g","syn","nonsyn","nonsyn","Q","Q","H","H",0,1,1,0,0,0,92
"184",277,277,277,"c","t","nonsyn","nonsyn","nonsyn","L","F","I","V",0,0,0,0,0,1,93
"185",278,278,278,"t","c","nonsyn","nonsyn","nonsyn","L","P","H","R",1,1,1,0,0,0,93
"186",279,279,279,"c","t","syn","syn","syn","L","L","L","L",0,0,0,0,0,1,93
"187",280,280,280,"t","c","nonsyn","nonsyn","nonsyn","F","L","I","V",0,0,0,0,0,0,94
"188",281,281,281,"t","c","nonsyn","nonsyn","nonsyn","F","S","Y","C",1,0,1,1,0,0,94
"189",282,282,282,"t","c","syn","nonsyn","nonsyn","F","F","L","L",0,0,0,0,0,0,94
"190",283,283,283,"g","a","nonsyn","nonsyn","stop","E","K","Q","*",1,1,1,0,1,0,95
"191",284,284,284,"a","g","nonsyn","nonsyn","nonsyn","E","G","A","V",1,1,1,0,0,0,95
"192",285,285,285,"g","a","syn","nonsyn","nonsyn","E","E","D","D",0,0,0,0,0,0,95
"193",286,286,286,"a","g","nonsyn","nonsyn","nonsyn","T","A","P","S",1,1,0,0,0,0,96
"194",287,287,287,"c","t","nonsyn","nonsyn","nonsyn","T","I","N","S",1,0,0,0,0,1,96
"195",288,288,288,"c","t","syn","syn","syn","T","T","T","T",0,0,0,0,0,1,96
"196",289,289,289,"t","c","nonsyn","nonsyn","nonsyn","S","P","T","A",1,0,1,0,0,0,97
"197",290,290,290,"c","t","nonsyn","stop","stop","S","L","*","*",1,1,1,1,0,0,97
"198",291,291,291,"a","g","syn","syn","syn","S","S","S","S",0,0,0,0,0,0,97
"199",292,292,292,"a","g","nonsyn","nonsyn","nonsyn","I","V","L","L",0,0,0,0,0,0,98
"200",293,293,293,"t","c","nonsyn","nonsyn","nonsyn","I","T","K","R",1,1,1,0,0,0,98
"201",294,294,294,"a","g","nonsyn","syn","syn","I","M","I","I",0,0,0,0,0,0,98
"202",295,295,295,"a","g","nonsyn","nonsyn","stop","K","E","Q","*",1,1,1,0,1,0,99
"203",296,296,296,"a","g","nonsyn","nonsyn","nonsyn","K","R","T","M",0,1,1,0,0,0,99
"204",297,297,297,"g","a","syn","nonsyn","nonsyn","K","K","N","N",0,1,1,0,0,0,99
"205",298,298,298,"c","t","nonsyn","nonsyn","nonsyn","P","S","T","A",1,1,1,0,0,1,100
"206",299,299,299,"c","t","nonsyn","nonsyn","nonsyn","P","L","H","R",1,1,1,0,0,1,100
"207",300,300,300,"t","c","syn","syn","syn","P","P","P","P",0,0,0,1,0,0,100
"208",301,301,301,"t","c","nonsyn","nonsyn","nonsyn","C","R","S","G",1,1,0,0,0,0,101
"209",302,302,302,"g","a","nonsyn","nonsyn","nonsyn","C","Y","S","F",1,1,1,1,0,0,101
"210",303,303,303,"t","c","syn","stop","nonsyn","C","C","*","W",0,1,1,0,0,0,101
"211",304,304,304,"g","a","nonsyn","nonsyn","nonsyn","V","I","L","L",0,0,0,0,0,0,102
"212",305,305,305,"t","c","nonsyn","nonsyn","nonsyn","V","A","E","G",0,1,1,0,0,0,102
"213",306,306,306,"a","g","syn","syn","syn","V","V","V","V",0,0,0,0,0,0,102
"214",307,307,307,"a","g","nonsyn","nonsyn","stop","K","E","Q","*",1,1,1,0,0,0,103
"215",308,308,308,"a","g","nonsyn","nonsyn","nonsyn","K","R","T","I",0,1,1,0,0,0,103
"216",309,309,309,"a","g","syn","nonsyn","nonsyn","K","K","N","N",0,1,1,0,0,0,103
"217",310,310,310,"t","c","syn","nonsyn","nonsyn","L","L","I","V",0,0,0,0,0,0,104
"218",311,311,311,"t","c","nonsyn","stop","stop","L","S","*","*",1,1,1,0,0,0,104
"219",312,312,312,"a","g","syn","nonsyn","nonsyn","L","L","F","F",0,0,0,0,0,0,104
"220",313,313,313,"t","c","nonsyn","nonsyn","nonsyn","S","P","T","A",1,0,1,0,0,0,105
"221",314,314,314,"c","t","nonsyn","nonsyn","nonsyn","S","F","Y","C",1,1,1,0,0,1,105
"222",315,315,315,"c","t","syn","syn","syn","S","S","S","S",0,0,0,0,0,1,105
"223",316,316,316,"c","t","nonsyn","nonsyn","nonsyn","P","S","T","A",1,1,1,0,0,1,106
"224",317,317,317,"c","t","nonsyn","nonsyn","nonsyn","P","L","Q","R",1,1,1,1,0,0,106
"225",318,318,318,"a","g","syn","syn","syn","P","P","P","P",0,0,0,0,0,0,106
"226",319,319,319,"t","c","syn","nonsyn","nonsyn","L","L","I","V",0,0,0,0,0,0,107
"227",320,320,320,"t","c","nonsyn","stop","stop","L","S","*","*",1,1,1,0,0,0,107
"228",321,321,321,"a","g","syn","nonsyn","nonsyn","L","L","F","F",0,0,0,1,0,0,107
"229",322,322,322,"t","c","nonsyn","nonsyn","nonsyn","C","R","S","G",1,1,0,0,0,0,108
"230",323,323,323,"g","a","nonsyn","nonsyn","nonsyn","C","Y","S","F",1,1,1,0,0,0,108
"231",324,324,324,"c","t","syn","stop","nonsyn","C","C","*","W",0,1,1,1,0,0,108
"232",325,325,325,"a","g","nonsyn","nonsyn","nonsyn","I","V","L","F",0,0,0,0,0,0,109
"233",326,326,326,"t","c","nonsyn","nonsyn","nonsyn","I","T","N","S",1,1,1,0,0,0,109
"234",327,327,327,"t","c","syn","syn","nonsyn","I","I","I","M",0,0,0,0,0,0,109
"235",328,328,328,"a","g","nonsyn","nonsyn","nonsyn","T","A","P","S",1,1,0,0,0,0,110
"236",329,329,329,"c","t","nonsyn","nonsyn","nonsyn","T","I","N","S",1,0,0,0,0,1,110
"237",330,330,330,"t","c","syn","syn","syn","T","T","T","T",0,0,0,0,0,0,110
"238",331,331,331,"a","g","nonsyn","nonsyn","nonsyn","M","V","L","L",0,0,0,1,0,0,111
"239",332,332,332,"t","c","nonsyn","nonsyn","nonsyn","M","T","K","R",1,1,1,0,0,0,111
"240",333,333,333,"g","a","nonsyn","nonsyn","nonsyn","M","I","I","I",0,0,0,0,1,0,111
"241",334,334,334,"a","g","nonsyn","syn","stop","R","G","R","*",1,0,1,0,0,0,112
"242",335,335,335,"g","a","nonsyn","nonsyn","nonsyn","R","K","T","I",0,1,1,0,0,0,112
"243",336,336,336,"a","g","syn","nonsyn","nonsyn","R","R","S","S",0,1,1,1,0,0,112
"244",337,337,337,"t","c","nonsyn","nonsyn","nonsyn","C","R","S","G",1,1,0,0,0,0,113
"245",338,338,338,"g","a","nonsyn","nonsyn","nonsyn","C","Y","S","F",1,1,1,0,0,0,113
"246",339,339,339,"c","t","syn","stop","nonsyn","C","C","*","W",0,1,1,1,0,0,113
"247",340,340,340,"a","g","nonsyn","nonsyn","nonsyn","N","D","H","Y",1,1,1,0,0,0,114
"248",341,341,341,"a","g","nonsyn","nonsyn","nonsyn","N","S","T","I",0,0,1,0,0,0,114
"249",342,342,342,"t","c","syn","nonsyn","nonsyn","N","N","K","K",0,1,1,0,0,0,114
"250",343,343,343,"a","g","nonsyn","nonsyn","stop","K","E","Q","*",1,1,1,0,0,0,115
"251",344,344,344,"a","g","nonsyn","nonsyn","nonsyn","K","R","T","I",0,1,1,0,0,0,115
"252",345,345,345,"a","g","syn","nonsyn","nonsyn","K","K","N","N",0,1,1,0,1,0,115
"253",346,346,346,"a","g","nonsyn","nonsyn","nonsyn","S","G","R","C",1,1,1,0,0,0,116
"254",347,347,347,"g","a","nonsyn","nonsyn","nonsyn","S","N","T","I",0,0,1,1,0,0,116
"255",348,348,348,"t","c","syn","nonsyn","nonsyn","S","S","R","R",0,1,1,0,0,0,116
"256",349,349,349,"g","a","nonsyn","nonsyn","stop","E","K","Q","*",1,1,1,0,1,0,117
"257",350,350,350,"a","g","nonsyn","nonsyn","nonsyn","E","G","A","V",1,1,1,0,0,0,117
"258",351,351,351,"g","a","syn","nonsyn","nonsyn","E","E","D","D",0,0,0,0,0,0,117
"259",352,352,352,"a","g","nonsyn","nonsyn","nonsyn","T","A","P","S",1,1,0,0,0,0,118
"260",353,353,353,"c","t","nonsyn","nonsyn","nonsyn","T","I","K","R",1,1,1,1,1,0,118
"261",354,354,354,"a","g","syn","syn","syn","T","T","T","T",0,0,0,0,0,0,118
"262",355,355,355,"g","a","nonsyn","nonsyn","nonsyn","D","N","H","Y",1,1,1,0,0,0,119
"263",356,356,356,"a","g","nonsyn","nonsyn","nonsyn","D","G","A","V",1,1,1,0,0,0,119
"264",357,357,357,"t","c","syn","nonsyn","nonsyn","D","D","E","E",0,0,0,0,0,0,119
"265",358,358,358,"a","g","nonsyn","nonsyn","stop","K","E","Q","*",1,1,1,0,0,0,120
"266",359,359,359,"a","g","nonsyn","nonsyn","nonsyn","K","R","T","I",0,1,1,0,0,0,120
"267",360,360,360,"a","g","syn","nonsyn","nonsyn","K","K","N","N",0,1,1,1,0,0,120
"268",361,361,361,"t","c","nonsyn","nonsyn","nonsyn","W","R","R","G",1,1,1,0,1,0,121
"269",362,362,362,"g","a","stop","nonsyn","nonsyn","W","*","S","L",1,1,0,0,1,0,121
"270",363,363,363,"g","a","stop","nonsyn","nonsyn","W","*","C","C",1,1,1,0,1,0,121
"271",364,364,364,"g","a","nonsyn","nonsyn","stop","G","R","R","*",1,1,1,0,0,0,122
"272",365,365,365,"g","a","nonsyn","nonsyn","nonsyn","G","E","A","V",1,1,1,0,0,0,122
"273",366,366,366,"a","g","syn","syn","syn","G","G","G","G",0,0,0,0,0,0,122
"274",367,367,367,"t","c","syn","nonsyn","nonsyn","L","L","M","V",0,0,0,1,0,0,123
"275",368,368,368,"t","c","nonsyn","stop","nonsyn","L","S","*","W",1,1,0,0,0,0,123
"276",369,369,369,"g","a","syn","nonsyn","nonsyn","L","L","F","F",0,0,0,0,0,0,123
"277",370,370,370,"a","g","nonsyn","nonsyn","nonsyn","T","A","P","S",1,1,0,0,0,0,124
"278",371,371,371,"c","t","nonsyn","nonsyn","nonsyn","T","I","K","R",1,1,1,1,0,0,124
"279",372,372,372,"a","g","syn","syn","syn","T","T","T","T",0,0,0,0,0,0,124
"280",373,373,373,"a","g","nonsyn","nonsyn","stop","K","E","Q","*",1,1,1,0,0,0,125
"281",374,374,374,"a","g","nonsyn","nonsyn","nonsyn","K","R","T","I",0,1,1,0,0,0,125
"282",375,375,375,"a","g","syn","nonsyn","nonsyn","K","K","N","N",0,1,1,0,0,0,125
"283",376,376,376,"t","c","nonsyn","nonsyn","nonsyn","S","P","T","A",1,0,1,0,0,0,126
"284",377,377,377,"c","t","nonsyn","stop","stop","S","L","*","*",1,1,1,1,0,0,126
"285",378,378,378,"a","g","syn","syn","syn","S","S","S","S",0,0,0,0,0,0,126
"286",379,379,NA,"t","c","nonsyn","nonsyn","nonsyn","S","P","T","A",1,0,1,0,0,0,127
"287",380,380,NA,"c","t","nonsyn","stop","stop","S","L","*","*",1,1,1,1,0,0,127
"288",381,381,NA,"a","g","syn","syn","syn","S","S","S","S",0,0,0,0,0,0,127
"289",382,382,NA,"a","g","nonsyn","nonsyn","nonsyn","T","A","P","S",1,1,0,0,0,0,128
"290",383,383,NA,"c","t","nonsyn","nonsyn","nonsyn","T","I","K","R",1,1,1,1,0,0,128
"291",384,384,NA,"a","g","syn","syn","syn","T","T","T","T",0,0,0,0,0,0,128
"292",385,385,379,"a","g","nonsyn","nonsyn","nonsyn","I","V","L","L",0,0,0,0,0,0,129
"293",386,386,380,"t","c","nonsyn","nonsyn","nonsyn","I","T","K","R",1,1,1,0,0,0,129
"294",387,387,381,"a","g","nonsyn","syn","syn","I","M","I","I",0,0,0,0,0,0,129
"295",388,388,382,"a","g","nonsyn","nonsyn","nonsyn","T","A","P","S",1,1,0,0,0,0,130
"296",389,389,383,"c","t","nonsyn","nonsyn","nonsyn","T","I","K","R",1,1,1,1,0,0,130
"297",390,390,384,"a","g","syn","syn","syn","T","T","T","T",0,0,0,0,0,0,130
"298",391,391,385,"a","g","nonsyn","nonsyn","nonsyn","T","A","P","S",1,1,0,0,0,0,131
"299",392,392,386,"c","t","nonsyn","nonsyn","nonsyn","T","I","K","R",1,1,1,1,0,0,131
"300",393,393,387,"a","g","syn","syn","syn","T","T","T","T",0,0,0,0,0,0,131
"301",394,394,388,"a","g","nonsyn","nonsyn","nonsyn","T","A","P","S",1,1,0,0,0,0,132
"302",395,395,389,"c","t","nonsyn","nonsyn","nonsyn","T","I","K","R",1,1,1,1,1,0,132
"303",396,396,390,"a","g","syn","syn","syn","T","T","T","T",0,0,0,0,0,0,132
"304",397,397,391,"g","a","nonsyn","nonsyn","nonsyn","A","T","P","S",1,1,1,0,0,0,133
"305",398,398,392,"c","t","nonsyn","nonsyn","nonsyn","A","V","E","G",0,1,1,1,0,0,133
"306",399,399,393,"a","g","syn","syn","syn","A","A","A","A",0,0,0,0,0,0,133
"307",400,400,394,"a","g","nonsyn","nonsyn","nonsyn","T","A","P","S",1,1,0,0,0,0,134
"308",401,401,395,"c","t","nonsyn","nonsyn","nonsyn","T","I","K","R",1,1,1,1,0,0,134
"309",402,402,396,"a","g","syn","syn","syn","T","T","T","T",0,0,0,0,0,0,134
"310",403,403,397,"a","g","nonsyn","nonsyn","nonsyn","T","A","P","S",1,1,0,0,0,0,135
"311",404,404,398,"c","t","nonsyn","nonsyn","nonsyn","T","I","K","R",1,1,1,1,0,0,135
"312",405,405,399,"a","g","syn","syn","syn","T","T","T","T",0,0,0,0,0,0,135
"313",406,406,400,"a","g","nonsyn","nonsyn","nonsyn","T","A","P","S",1,1,0,0,0,0,136
"314",407,407,401,"c","t","nonsyn","nonsyn","nonsyn","T","I","K","R",1,1,1,1,0,0,136
"315",408,408,402,"a","g","syn","syn","syn","T","T","T","T",0,0,0,0,0,0,136
"316",409,409,403,"c","t","nonsyn","nonsyn","nonsyn","P","S","T","A",1,1,1,0,0,1,137
"317",410,410,404,"c","t","nonsyn","nonsyn","nonsyn","P","L","Q","R",1,1,1,1,0,0,137
"318",411,411,405,"a","g","syn","syn","syn","P","P","P","P",0,0,0,0,0,0,137
"319",412,412,406,"a","g","nonsyn","nonsyn","nonsyn","N","D","H","Y",1,1,1,0,0,0,138
"320",413,413,407,"a","g","nonsyn","nonsyn","nonsyn","N","S","T","I",0,0,1,0,0,0,138
"321",414,414,408,"t","c","syn","nonsyn","nonsyn","N","N","K","K",0,1,1,0,0,0,138
"322",415,415,409,"a","g","nonsyn","nonsyn","nonsyn","T","A","P","S",1,1,0,0,0,0,139
"323",416,416,410,"c","t","nonsyn","nonsyn","nonsyn","T","I","K","R",1,1,1,1,0,0,139
"324",417,417,411,"a","g","syn","syn","syn","T","T","T","T",0,0,0,0,0,0,139
"325",418,418,412,"a","g","nonsyn","nonsyn","nonsyn","T","A","P","S",1,1,0,0,0,0,140
"326",419,419,413,"c","t","nonsyn","nonsyn","nonsyn","T","I","K","R",1,1,1,1,0,0,140
"327",420,420,414,"a","g","syn","syn","syn","T","T","T","T",0,0,0,0,0,0,140
"328",421,421,415,"t","c","nonsyn","nonsyn","nonsyn","S","P","T","A",1,0,1,0,0,0,141
"329",422,422,416,"c","t","nonsyn","stop","stop","S","L","*","*",1,1,1,1,0,0,141
"330",423,423,417,"a","g","syn","syn","syn","S","S","S","S",0,0,0,0,0,0,141
"331",424,424,418,"a","g","nonsyn","nonsyn","nonsyn","T","A","P","S",1,1,0,0,0,0,142
"332",425,425,419,"c","t","nonsyn","nonsyn","nonsyn","T","I","K","R",1,1,1,1,0,0,142
"333",426,426,420,"a","g","syn","syn","syn","T","T","T","T",0,0,0,0,0,0,142
"334",427,427,421,"a","g","nonsyn","nonsyn","stop","K","E","Q","*",1,1,1,0,1,0,143
"335",428,428,422,"a","g","nonsyn","nonsyn","nonsyn","K","R","T","M",0,1,1,0,0,0,143
"336",429,429,423,"g","a","syn","nonsyn","nonsyn","K","K","N","N",0,1,1,0,0,0,143
"337",430,430,NA,"t","c","nonsyn","nonsyn","nonsyn","S","P","T","A",1,0,1,0,0,0,144
"338",431,431,NA,"c","t","nonsyn","stop","stop","S","L","*","*",1,1,1,1,0,0,144
"339",432,432,NA,"a","g","syn","syn","syn","S","S","S","S",0,0,0,0,0,0,144
"340",433,433,424,"a","g","nonsyn","nonsyn","nonsyn","I","V","L","L",0,0,0,0,0,0,145
"341",434,434,425,"t","c","nonsyn","nonsyn","nonsyn","I","T","K","R",1,1,1,0,1,0,145
"342",435,435,426,"a","g","nonsyn","syn","syn","I","M","I","I",0,0,0,0,0,0,145
"343",436,436,427,"g","a","nonsyn","nonsyn","nonsyn","D","N","H","Y",1,1,1,0,0,0,146
"344",437,437,428,"a","g","nonsyn","nonsyn","nonsyn","D","G","A","V",1,1,1,0,0,0,146
"345",438,438,429,"c","t","syn","nonsyn","nonsyn","D","D","E","E",0,0,0,1,0,0,146
"346",439,439,430,"a","g","nonsyn","nonsyn","nonsyn","M","V","L","L",0,0,0,1,0,0,147
"347",440,440,431,"t","c","nonsyn","nonsyn","nonsyn","M","T","K","R",1,1,1,0,1,0,147
"348",441,441,432,"g","a","nonsyn","nonsyn","nonsyn","M","I","I","I",0,0,0,0,0,0,147
"349",442,442,433,"g","a","nonsyn","nonsyn","nonsyn","V","I","L","F",0,0,0,0,0,0,148
"350",443,443,434,"t","c","nonsyn","nonsyn","nonsyn","V","A","D","G",0,1,1,0,0,0,148
"351",444,444,435,"c","t","syn","syn","syn","V","V","V","V",0,0,0,1,0,0,148
"352",445,445,436,"a","g","nonsyn","nonsyn","nonsyn","N","D","H","Y",1,1,1,0,0,0,149
"353",446,446,437,"a","g","nonsyn","nonsyn","nonsyn","N","S","T","I",0,0,1,1,0,0,149
"354",447,447,438,"t","c","syn","nonsyn","nonsyn","N","N","K","K",0,1,1,0,0,0,149
"355",448,448,439,"g","a","nonsyn","nonsyn","stop","E","K","Q","*",1,1,1,0,1,0,150
"356",449,449,440,"a","g","nonsyn","nonsyn","nonsyn","E","G","A","V",1,1,1,0,0,0,150
"357",450,450,441,"g","a","syn","nonsyn","nonsyn","E","E","D","D",0,0,0,0,0,0,150
"358",451,451,442,"a","g","nonsyn","nonsyn","nonsyn","T","A","P","S",1,1,0,0,0,0,151
"359",452,452,443,"c","t","nonsyn","nonsyn","nonsyn","T","I","N","S",1,0,0,0,0,1,151
"360",453,453,444,"t","c","syn","syn","syn","T","T","T","T",0,0,0,0,1,0,151
"361",454,454,445,"a","g","nonsyn","nonsyn","nonsyn","S","G","R","C",1,1,1,0,0,0,152
"362",455,455,446,"g","a","nonsyn","nonsyn","nonsyn","S","N","T","I",0,0,1,0,0,0,152
"363",456,456,447,"t","c","syn","nonsyn","nonsyn","S","S","R","R",0,1,1,0,0,0,152
"364",457,457,448,"t","c","nonsyn","nonsyn","nonsyn","S","P","T","A",1,0,1,0,0,0,153
"365",458,458,449,"c","t","nonsyn","nonsyn","nonsyn","S","F","Y","C",1,1,1,0,0,1,153
"366",459,459,450,"t","c","syn","syn","syn","S","S","S","S",0,0,0,1,0,0,153
"367",460,460,451,"t","c","nonsyn","nonsyn","nonsyn","C","R","S","G",1,1,0,0,0,0,154
"368",461,461,452,"g","a","nonsyn","nonsyn","nonsyn","C","Y","S","F",1,1,1,0,0,0,154
"369",462,462,453,"t","c","syn","stop","nonsyn","C","C","*","W",0,1,1,0,0,0,154
"370",463,463,454,"a","g","nonsyn","nonsyn","nonsyn","I","V","L","L",0,0,0,0,0,0,155
"371",464,464,455,"t","c","nonsyn","nonsyn","nonsyn","I","T","K","R",1,1,1,0,1,0,155
"372",465,465,456,"a","g","nonsyn","syn","syn","I","M","I","I",0,0,0,0,0,0,155
"373",466,466,457,"g","a","nonsyn","nonsyn","nonsyn","V","I","L","F",0,0,0,0,0,0,156
"374",467,467,458,"t","c","nonsyn","nonsyn","nonsyn","V","A","D","G",0,1,1,0,0,0,156
"375",468,468,459,"t","c","syn","syn","syn","V","V","V","V",0,0,0,0,0,0,156
"376",469,469,460,"c","t","nonsyn","nonsyn","nonsyn","H","Y","N","D",1,1,1,1,0,0,157
"377",470,470,461,"a","g","nonsyn","nonsyn","nonsyn","H","R","P","L",0,1,1,1,0,0,157
"378",471,471,462,"t","c","syn","nonsyn","nonsyn","H","H","Q","Q",0,1,1,0,0,0,157
"379",472,472,463,"g","a","nonsyn","nonsyn","nonsyn","D","N","H","Y",1,1,1,0,0,0,158
"380",473,473,464,"a","g","nonsyn","nonsyn","nonsyn","D","G","A","V",1,1,1,0,0,0,158
"381",474,474,465,"t","c","syn","nonsyn","nonsyn","D","D","E","E",0,0,0,0,0,0,158
"382",475,475,466,"a","g","nonsyn","nonsyn","nonsyn","N","D","H","Y",1,1,1,0,0,0,159
"383",476,476,467,"a","g","nonsyn","nonsyn","nonsyn","N","S","T","I",0,0,1,0,0,0,159
"384",477,477,468,"t","c","syn","nonsyn","nonsyn","N","N","K","K",0,1,1,1,0,0,159
"385",478,478,469,"t","c","nonsyn","nonsyn","nonsyn","C","R","S","G",1,1,0,0,0,0,160
"386",479,479,470,"g","a","nonsyn","nonsyn","nonsyn","C","Y","S","F",1,1,1,0,0,0,160
"387",480,480,471,"c","t","syn","stop","nonsyn","C","C","*","W",0,1,1,1,0,0,160
"388",481,481,472,"a","g","nonsyn","nonsyn","nonsyn","T","A","P","S",1,1,0,0,0,0,161
"389",482,482,473,"c","t","nonsyn","nonsyn","nonsyn","T","I","K","R",1,1,1,1,1,0,161
"390",483,483,474,"a","g","syn","syn","syn","T","T","T","T",0,0,0,0,1,0,161
"391",484,484,475,"g","a","nonsyn","nonsyn","nonsyn","G","S","R","C",1,1,0,0,0,0,162
"392",485,485,476,"g","a","nonsyn","nonsyn","nonsyn","G","D","A","V",1,1,1,0,0,0,162
"393",486,486,477,"c","t","syn","syn","syn","G","G","G","G",0,0,0,0,0,1,162
"394",487,487,478,"t","c","syn","nonsyn","nonsyn","L","L","M","V",0,0,0,1,0,0,163
"395",488,488,479,"t","c","nonsyn","stop","nonsyn","L","S","*","W",1,1,0,0,1,0,163
"396",489,489,480,"g","a","syn","nonsyn","nonsyn","L","L","F","F",0,0,0,0,0,0,163
"397",490,490,481,"g","a","nonsyn","nonsyn","stop","E","K","Q","*",1,1,1,0,0,0,164
"398",491,491,482,"a","g","nonsyn","nonsyn","nonsyn","E","G","A","V",1,1,1,0,0,0,164
"399",492,492,483,"a","g","syn","nonsyn","nonsyn","E","E","D","D",0,0,0,0,0,0,164
"400",493,493,484,"c","t","stop","nonsyn","nonsyn","Q","*","K","E",1,1,1,1,0,0,165
"401",494,494,485,"a","g","nonsyn","nonsyn","nonsyn","Q","R","P","L",1,1,1,0,1,0,165
"402",495,495,486,"a","g","syn","nonsyn","nonsyn","Q","Q","H","H",0,1,1,0,0,0,165
"403",496,496,487,"g","a","nonsyn","nonsyn","stop","E","K","Q","*",1,1,1,0,1,0,166
"404",497,497,488,"a","g","nonsyn","nonsyn","nonsyn","E","G","A","V",1,1,1,0,0,0,166
"405",498,498,489,"g","a","syn","nonsyn","nonsyn","E","E","D","D",0,0,0,0,0,0,166
"406",499,499,490,"c","t","stop","nonsyn","nonsyn","Q","*","K","E",1,1,1,1,0,0,167
"407",500,500,491,"a","g","nonsyn","nonsyn","nonsyn","Q","R","P","L",1,1,1,0,0,0,167
"408",501,501,492,"a","g","syn","nonsyn","nonsyn","Q","Q","H","H",0,1,1,0,0,0,167
"409",502,502,493,"a","g","nonsyn","nonsyn","nonsyn","M","V","L","L",0,0,0,1,0,0,168
"410",503,503,494,"t","c","nonsyn","nonsyn","nonsyn","M","T","K","R",1,1,1,0,0,0,168
"411",504,504,495,"g","a","nonsyn","nonsyn","nonsyn","M","I","I","I",0,0,0,0,0,0,168
"412",505,505,496,"a","g","nonsyn","nonsyn","nonsyn","I","V","L","L",0,0,0,0,0,0,169
"413",506,506,497,"t","c","nonsyn","nonsyn","nonsyn","I","T","K","R",1,1,1,0,1,0,169
"414",507,507,498,"a","g","nonsyn","syn","syn","I","M","I","I",0,0,0,0,1,0,169
"415",508,508,499,"g","a","nonsyn","nonsyn","nonsyn","G","S","R","C",1,1,0,0,0,0,170
"416",509,509,500,"g","a","nonsyn","nonsyn","nonsyn","G","D","A","V",1,1,1,0,0,0,170
"417",510,510,501,"c","t","syn","syn","syn","G","G","G","G",0,0,0,1,0,1,170
"418",511,511,502,"t","c","nonsyn","nonsyn","nonsyn","C","R","S","G",1,1,0,0,0,0,171
"419",512,512,503,"g","a","nonsyn","nonsyn","nonsyn","C","Y","S","F",1,1,1,0,0,0,171
"420",513,513,504,"t","c","syn","stop","nonsyn","C","C","*","W",0,1,1,0,0,0,171
"421",514,514,505,"a","g","nonsyn","nonsyn","stop","K","E","Q","*",1,1,1,0,0,0,172
"422",515,515,506,"a","g","nonsyn","nonsyn","nonsyn","K","R","T","I",0,1,1,0,0,0,172
"423",516,516,507,"a","g","syn","nonsyn","nonsyn","K","K","N","N",0,1,1,0,0,0,172
"424",517,517,508,"t","c","nonsyn","nonsyn","nonsyn","F","L","I","V",0,0,0,0,0,0,173
"425",518,518,509,"t","c","nonsyn","nonsyn","nonsyn","F","S","Y","C",1,0,1,0,0,0,173
"426",519,519,510,"c","t","syn","nonsyn","nonsyn","F","F","L","L",0,0,0,1,0,0,173
"427",520,520,511,"a","g","nonsyn","nonsyn","nonsyn","N","D","H","Y",1,1,1,0,0,0,174
"428",521,521,512,"a","g","nonsyn","nonsyn","nonsyn","N","S","T","I",0,0,1,0,0,0,174
"429",522,522,513,"c","t","syn","nonsyn","nonsyn","N","N","K","K",0,1,1,1,0,0,174
"430",523,523,514,"a","g","nonsyn","nonsyn","nonsyn","M","V","L","L",0,0,0,1,0,0,175
"431",524,524,515,"t","c","nonsyn","nonsyn","nonsyn","M","T","K","R",1,1,1,0,0,0,175
"432",525,525,516,"g","a","nonsyn","nonsyn","nonsyn","M","I","I","I",0,0,0,0,0,0,175
"433",526,526,517,"a","g","nonsyn","nonsyn","nonsyn","T","A","P","S",1,1,0,0,0,0,176
"434",527,527,518,"c","t","nonsyn","nonsyn","nonsyn","T","I","K","R",1,1,1,1,1,0,176
"435",528,528,519,"a","g","syn","syn","syn","T","T","T","T",0,0,0,0,1,0,176
"436",529,529,520,"g","a","nonsyn","nonsyn","nonsyn","G","R","R","W",1,1,1,0,1,0,177
"437",530,530,521,"g","a","nonsyn","nonsyn","nonsyn","G","E","A","V",1,1,1,0,0,0,177
"438",531,531,522,"g","a","syn","syn","syn","G","G","G","G",0,0,0,0,0,0,177
"439",532,532,523,"t","c","syn","nonsyn","nonsyn","L","L","I","V",0,0,0,0,0,0,178
"440",533,533,524,"t","c","nonsyn","stop","stop","L","S","*","*",1,1,1,0,0,0,178
"441",534,534,525,"a","g","syn","nonsyn","nonsyn","L","L","F","F",0,0,0,0,0,0,178
"442",535,535,526,"a","g","nonsyn","nonsyn","stop","K","E","Q","*",1,1,1,0,0,0,179
"443",536,536,527,"a","g","nonsyn","nonsyn","nonsyn","K","R","T","I",0,1,1,0,0,0,179
"444",537,537,528,"a","g","syn","nonsyn","nonsyn","K","K","N","N",0,1,1,0,1,0,179
"445",538,538,529,"a","g","nonsyn","syn","stop","R","G","R","*",1,0,1,0,0,0,180
"446",539,539,530,"g","a","nonsyn","nonsyn","nonsyn","R","K","T","I",0,1,1,0,1,0,180
"447",540,540,531,"a","g","syn","nonsyn","nonsyn","R","R","S","S",0,1,1,0,0,0,180
"448",541,541,532,"g","a","nonsyn","nonsyn","nonsyn","D","N","H","Y",1,1,1,0,0,0,181
"449",542,542,533,"a","g","nonsyn","nonsyn","nonsyn","D","G","A","V",1,1,1,0,0,0,181
"450",543,543,534,"c","t","syn","nonsyn","nonsyn","D","D","E","E",0,0,0,1,0,0,181
"451",544,544,535,"a","g","nonsyn","nonsyn","stop","K","E","Q","*",1,1,1,0,1,0,182
"452",545,545,536,"a","g","nonsyn","nonsyn","nonsyn","K","R","T","M",0,1,1,0,0,0,182
"453",546,546,537,"g","a","syn","nonsyn","nonsyn","K","K","N","N",0,1,1,0,0,0,182
"454",547,547,538,"a","g","nonsyn","nonsyn","nonsyn","T","A","P","S",1,1,0,0,0,0,183
"455",548,548,539,"c","t","nonsyn","nonsyn","nonsyn","T","I","K","R",1,1,1,1,0,0,183
"456",549,549,540,"a","g","syn","syn","syn","T","T","T","T",0,0,0,0,0,0,183
"457",550,550,541,"a","g","nonsyn","nonsyn","stop","K","E","Q","*",1,1,1,0,1,0,184
"458",551,551,542,"a","g","nonsyn","nonsyn","nonsyn","K","R","T","M",0,1,1,0,1,0,184
"459",552,552,543,"g","a","syn","nonsyn","nonsyn","K","K","N","N",0,1,1,0,0,0,184
"460",553,553,544,"g","a","nonsyn","nonsyn","stop","E","K","Q","*",1,1,1,0,1,0,185
"461",554,554,545,"a","g","nonsyn","nonsyn","nonsyn","E","G","A","V",1,1,1,0,0,0,185
"462",555,555,546,"g","a","syn","nonsyn","nonsyn","E","E","D","D",0,0,0,0,0,0,185
"463",556,556,547,"t","c","nonsyn","nonsyn","nonsyn","Y","H","N","D",1,1,1,0,0,0,186
"464",557,557,548,"a","g","nonsyn","nonsyn","nonsyn","Y","C","S","F",1,1,0,0,0,0,186
"465",558,558,549,"c","t","syn","stop","stop","Y","Y","*","*",0,1,1,1,0,0,186
"466",559,559,550,"a","g","nonsyn","nonsyn","nonsyn","N","D","H","Y",1,1,1,0,0,0,187
"467",560,560,551,"a","g","nonsyn","nonsyn","nonsyn","N","S","T","I",0,0,1,1,0,0,187
"468",561,561,552,"t","c","syn","nonsyn","nonsyn","N","N","K","K",0,1,1,0,0,0,187
"469",562,562,553,"g","a","nonsyn","nonsyn","stop","E","K","Q","*",1,1,1,0,0,0,188
"470",563,563,554,"a","g","nonsyn","nonsyn","nonsyn","E","G","A","V",1,1,1,0,0,0,188
"471",564,564,555,"a","g","syn","nonsyn","nonsyn","E","E","D","D",0,0,0,0,0,0,188
"472",565,565,556,"a","g","nonsyn","nonsyn","nonsyn","T","A","P","S",1,1,0,0,0,0,189
"473",566,566,557,"c","t","nonsyn","nonsyn","nonsyn","T","I","N","S",1,0,0,0,0,1,189
"474",567,567,558,"t","c","syn","syn","syn","T","T","T","T",0,0,0,1,0,0,189
"475",568,568,559,"t","c","nonsyn","nonsyn","nonsyn","W","R","R","G",1,1,1,0,1,0,190
"476",569,569,560,"g","a","stop","nonsyn","nonsyn","W","*","S","L",1,1,0,0,0,0,190
"477",570,570,561,"g","a","stop","nonsyn","nonsyn","W","*","C","C",1,1,1,0,0,0,190
"478",571,571,562,"t","c","nonsyn","nonsyn","nonsyn","Y","H","N","D",1,1,1,0,0,0,191
"479",572,572,563,"a","g","nonsyn","nonsyn","nonsyn","Y","C","S","F",1,1,0,0,0,0,191
"480",573,573,564,"c","t","syn","stop","stop","Y","Y","*","*",0,1,1,0,0,1,191
"481",574,574,565,"t","c","nonsyn","nonsyn","nonsyn","S","P","T","A",1,0,1,0,0,0,192
"482",575,575,566,"c","t","nonsyn","nonsyn","nonsyn","S","F","Y","C",1,1,1,0,0,1,192
"483",576,576,567,"t","c","syn","syn","syn","S","S","S","S",0,0,0,0,0,0,192
"484",577,577,568,"a","g","nonsyn","nonsyn","nonsyn","T","A","P","S",1,1,0,0,0,0,193
"485",578,578,569,"c","t","nonsyn","nonsyn","nonsyn","T","I","K","R",1,1,1,1,1,0,193
"486",579,579,570,"a","g","syn","syn","syn","T","T","T","T",0,0,0,0,0,0,193
"487",580,580,571,"g","a","nonsyn","nonsyn","nonsyn","D","N","H","Y",1,1,1,0,0,0,194
"488",581,581,572,"a","g","nonsyn","nonsyn","nonsyn","D","G","A","V",1,1,1,0,0,0,194
"489",582,582,573,"t","c","syn","nonsyn","nonsyn","D","D","E","E",0,0,0,0,0,0,194
"490",583,583,574,"t","c","syn","nonsyn","nonsyn","L","L","M","V",0,0,0,1,0,0,195
"491",584,584,575,"t","c","nonsyn","stop","nonsyn","L","S","*","W",1,1,0,0,1,0,195
"492",585,585,576,"g","a","syn","nonsyn","nonsyn","L","L","F","F",0,0,0,0,0,0,195
"493",586,586,577,"g","a","nonsyn","nonsyn","nonsyn","V","I","L","F",0,0,0,0,0,0,196
"494",587,587,578,"t","c","nonsyn","nonsyn","nonsyn","V","A","D","G",0,1,1,0,0,0,196
"495",588,588,579,"t","c","syn","syn","syn","V","V","V","V",0,0,0,1,0,0,196
"496",589,589,580,"t","c","nonsyn","nonsyn","nonsyn","C","R","S","G",1,1,0,0,0,0,197
"497",590,590,581,"g","a","nonsyn","nonsyn","nonsyn","C","Y","S","F",1,1,1,1,0,0,197
"498",591,591,582,"t","c","syn","stop","nonsyn","C","C","*","W",0,1,1,0,0,0,197
"499",592,592,583,"g","a","nonsyn","nonsyn","stop","E","K","Q","*",1,1,1,0,0,0,198
"500",593,593,584,"a","g","nonsyn","nonsyn","nonsyn","E","G","A","V",1,1,1,0,0,0,198
"501",594,594,585,"a","g","syn","nonsyn","nonsyn","E","E","D","D",0,0,0,0,0,0,198
"502",595,595,586,"c","t","stop","nonsyn","nonsyn","Q","*","K","E",1,1,1,1,0,0,199
"503",596,596,587,"a","g","nonsyn","nonsyn","nonsyn","Q","R","P","L",1,1,1,0,1,0,199
"504",597,597,588,"a","g","syn","nonsyn","nonsyn","Q","Q","H","H",0,1,1,0,1,0,199
"505",598,598,589,"g","a","nonsyn","nonsyn","nonsyn","G","R","R","W",1,1,1,0,1,0,200
"506",599,599,590,"g","a","nonsyn","nonsyn","nonsyn","G","E","A","V",1,1,1,0,0,0,200
"507",600,600,591,"g","a","syn","syn","syn","G","G","G","G",0,0,0,0,0,0,200
"508",601,601,592,"a","g","nonsyn","nonsyn","nonsyn","N","D","H","Y",1,1,1,0,0,0,201
"509",602,602,593,"a","g","nonsyn","nonsyn","nonsyn","N","S","T","I",0,0,1,0,0,0,201
"510",603,603,594,"t","c","syn","nonsyn","nonsyn","N","N","K","K",0,1,1,0,1,0,201
"511",604,604,595,"a","g","nonsyn","nonsyn","nonsyn","S","G","R","C",1,1,1,0,0,0,202
"512",605,605,596,"g","a","nonsyn","nonsyn","nonsyn","S","N","T","I",0,0,1,0,0,0,202
"513",606,606,597,"c","t","syn","nonsyn","nonsyn","S","S","R","R",0,1,1,1,0,0,202
"514",607,607,598,"a","g","nonsyn","nonsyn","nonsyn","T","A","P","S",1,1,0,0,0,0,203
"515",608,608,599,"c","t","nonsyn","nonsyn","nonsyn","T","I","N","S",1,0,0,1,0,1,203
"516",609,609,600,"t","c","syn","syn","syn","T","T","T","T",0,0,0,0,0,0,203
"517",610,610,601,"g","a","nonsyn","nonsyn","nonsyn","D","N","H","Y",1,1,1,0,0,0,204
"518",611,611,602,"a","g","nonsyn","nonsyn","nonsyn","D","G","A","V",1,1,1,0,0,0,204
"519",612,612,603,"t","c","syn","nonsyn","nonsyn","D","D","E","E",0,0,0,0,0,0,204
"520",613,613,604,"a","g","nonsyn","nonsyn","nonsyn","N","D","H","Y",1,1,1,0,0,0,205
"521",614,614,605,"a","g","nonsyn","nonsyn","nonsyn","N","S","T","I",0,0,1,1,0,0,205
"522",615,615,606,"t","c","syn","nonsyn","nonsyn","N","N","K","K",0,1,1,0,0,0,205
"523",616,616,607,"g","a","nonsyn","nonsyn","stop","E","K","Q","*",1,1,1,0,0,0,206
"524",617,617,608,"a","g","nonsyn","nonsyn","nonsyn","E","G","A","V",1,1,1,0,0,0,206
"525",618,618,609,"a","g","syn","nonsyn","nonsyn","E","E","D","D",0,0,0,0,1,0,206
"526",619,619,610,"a","g","nonsyn","nonsyn","nonsyn","S","G","R","C",1,1,1,0,0,0,207
"527",620,620,611,"g","a","nonsyn","nonsyn","nonsyn","S","N","T","I",0,0,1,0,0,0,207
"528",621,621,612,"t","c","syn","nonsyn","nonsyn","S","S","R","R",0,1,1,0,1,0,207
"529",622,622,613,"a","g","nonsyn","syn","stop","R","G","R","*",1,0,1,0,0,0,208
"530",623,623,614,"g","a","nonsyn","nonsyn","nonsyn","R","K","T","I",0,1,1,0,0,0,208
"531",624,624,615,"a","g","syn","nonsyn","nonsyn","R","R","S","S",0,1,1,1,0,0,208
"532",625,625,616,"t","c","nonsyn","nonsyn","nonsyn","C","R","S","G",1,1,0,0,0,0,209
"533",626,626,617,"g","a","nonsyn","nonsyn","nonsyn","C","Y","S","F",1,1,1,0,0,0,209
"534",627,627,618,"t","c","syn","stop","nonsyn","C","C","*","W",0,1,1,0,0,0,209
"535",628,628,619,"t","c","nonsyn","nonsyn","nonsyn","Y","H","N","D",1,1,1,0,0,0,210
"536",629,629,620,"a","g","nonsyn","nonsyn","nonsyn","Y","C","S","F",1,1,0,0,0,0,210
"537",630,630,621,"c","t","syn","stop","stop","Y","Y","*","*",0,1,1,1,0,0,210
"538",631,631,622,"a","g","nonsyn","nonsyn","nonsyn","M","V","L","L",0,0,0,1,0,0,211
"539",632,632,623,"t","c","nonsyn","nonsyn","nonsyn","M","T","K","R",1,1,1,0,0,0,211
"540",633,633,624,"g","a","nonsyn","nonsyn","nonsyn","M","I","I","I",0,0,0,0,0,0,211
"541",634,634,625,"a","g","nonsyn","nonsyn","nonsyn","N","D","H","Y",1,1,1,0,0,0,212
"542",635,635,626,"a","g","nonsyn","nonsyn","nonsyn","N","S","T","I",0,0,1,0,0,0,212
"543",636,636,627,"t","c","syn","nonsyn","nonsyn","N","N","K","K",0,1,1,0,0,0,212
"544",637,637,628,"c","t","nonsyn","nonsyn","nonsyn","H","Y","N","D",1,1,1,1,0,0,213
"545",638,638,629,"a","g","nonsyn","nonsyn","nonsyn","H","R","P","L",0,1,1,0,0,0,213
"546",639,639,630,"c","t","syn","nonsyn","nonsyn","H","H","Q","Q",0,1,1,1,0,1,213
"547",640,640,631,"t","c","nonsyn","nonsyn","nonsyn","C","R","S","G",1,1,0,0,0,0,214
"548",641,641,632,"g","a","nonsyn","nonsyn","nonsyn","C","Y","S","F",1,1,1,0,0,0,214
"549",642,642,633,"t","c","syn","stop","nonsyn","C","C","*","W",0,1,1,0,0,0,214
"550",643,643,634,"a","g","nonsyn","nonsyn","nonsyn","N","D","H","Y",1,1,1,0,0,0,215
"551",644,644,635,"a","g","nonsyn","nonsyn","nonsyn","N","S","T","I",0,0,1,0,0,0,215
"552",645,645,636,"c","t","syn","nonsyn","nonsyn","N","N","K","K",0,1,1,1,0,0,215
"553",646,646,637,"a","g","nonsyn","nonsyn","nonsyn","T","A","P","S",1,1,0,0,0,0,216
"554",647,647,638,"c","t","nonsyn","nonsyn","nonsyn","T","I","N","S",1,0,0,0,0,1,216
"555",648,648,639,"t","c","syn","syn","syn","T","T","T","T",0,0,0,0,0,0,216
"556",649,649,640,"t","c","nonsyn","nonsyn","nonsyn","S","P","T","A",1,0,1,0,0,0,217
"557",650,650,641,"c","t","nonsyn","nonsyn","nonsyn","S","F","Y","C",1,1,1,0,0,1,217
"558",651,651,642,"t","c","syn","syn","syn","S","S","S","S",0,0,0,0,0,0,217
"559",652,652,643,"a","g","nonsyn","nonsyn","nonsyn","I","V","L","F",0,0,0,0,0,0,218
"560",653,653,644,"t","c","nonsyn","nonsyn","nonsyn","I","T","N","S",1,1,1,0,0,0,218
"561",654,654,645,"t","c","syn","syn","nonsyn","I","I","I","M",0,0,0,0,0,0,218
"562",655,655,646,"a","g","nonsyn","nonsyn","nonsyn","I","V","L","F",0,0,0,0,0,0,219
"563",656,656,647,"t","c","nonsyn","nonsyn","nonsyn","I","T","N","S",1,1,1,0,0,0,219
"564",657,657,648,"c","t","syn","syn","nonsyn","I","I","I","M",0,0,0,0,0,1,219
"565",658,658,649,"c","t","stop","nonsyn","nonsyn","Q","*","K","E",1,1,1,1,0,0,220
"566",659,659,650,"a","g","nonsyn","nonsyn","nonsyn","Q","R","P","L",1,1,1,0,1,0,220
"567",660,660,651,"a","g","syn","nonsyn","nonsyn","Q","Q","H","H",0,1,1,0,0,0,220
"568",661,661,652,"g","a","nonsyn","nonsyn","stop","E","K","Q","*",1,1,1,0,1,0,221
"569",662,662,653,"a","g","nonsyn","nonsyn","nonsyn","E","G","A","V",1,1,1,0,0,0,221
"570",663,663,654,"g","a","syn","nonsyn","nonsyn","E","E","D","D",0,0,0,0,0,0,221
"571",664,664,655,"t","c","nonsyn","nonsyn","nonsyn","S","P","T","A",1,0,1,0,0,0,222
"572",665,665,656,"c","t","nonsyn","nonsyn","nonsyn","S","F","Y","C",1,1,1,0,0,1,222
"573",666,666,657,"t","c","syn","syn","syn","S","S","S","S",0,0,0,1,0,0,222
"574",667,667,658,"t","c","nonsyn","nonsyn","nonsyn","C","R","S","G",1,1,0,0,0,0,223
"575",668,668,659,"g","a","nonsyn","nonsyn","nonsyn","C","Y","S","F",1,1,1,1,0,0,223
"576",669,669,660,"t","c","syn","stop","nonsyn","C","C","*","W",0,1,1,0,0,0,223
"577",670,670,661,"g","a","nonsyn","nonsyn","nonsyn","D","N","H","Y",1,1,1,0,0,0,224
"578",671,671,662,"a","g","nonsyn","nonsyn","nonsyn","D","G","A","V",1,1,1,0,0,0,224
"579",672,672,663,"c","t","syn","nonsyn","nonsyn","D","D","E","E",0,0,0,1,0,0,224
"580",673,673,664,"a","g","nonsyn","nonsyn","stop","K","E","Q","*",1,1,1,0,1,0,225
"581",674,674,665,"a","g","nonsyn","nonsyn","nonsyn","K","R","T","M",0,1,1,0,0,0,225
"582",675,675,666,"g","a","syn","nonsyn","nonsyn","K","K","N","N",0,1,1,0,0,0,225
"583",676,676,667,"c","t","nonsyn","nonsyn","nonsyn","H","Y","N","D",1,1,1,1,0,0,226
"584",677,677,668,"a","g","nonsyn","nonsyn","nonsyn","H","R","P","L",0,1,1,0,0,0,226
"585",678,678,669,"t","c","syn","nonsyn","nonsyn","H","H","Q","Q",0,1,1,0,0,0,226
"586",679,679,670,"t","c","nonsyn","nonsyn","nonsyn","Y","H","N","D",1,1,1,0,0,0,227
"587",680,680,671,"a","g","nonsyn","nonsyn","nonsyn","Y","C","S","F",1,1,0,0,0,0,227
"588",681,681,672,"t","c","syn","stop","stop","Y","Y","*","*",0,1,1,1,0,0,227
"589",682,682,673,"t","c","nonsyn","nonsyn","nonsyn","W","R","R","G",1,1,1,0,1,0,228
"590",683,683,674,"g","a","stop","nonsyn","nonsyn","W","*","S","L",1,1,0,0,1,0,228
"591",684,684,675,"g","a","stop","nonsyn","nonsyn","W","*","C","C",1,1,1,0,0,0,228
"592",685,685,676,"g","a","nonsyn","nonsyn","nonsyn","D","N","H","Y",1,1,1,0,0,0,229
"593",686,686,677,"a","g","nonsyn","nonsyn","nonsyn","D","G","A","V",1,1,1,0,0,0,229
"594",687,687,678,"t","c","syn","nonsyn","nonsyn","D","D","E","E",0,0,0,0,0,0,229
"595",688,688,679,"a","g","nonsyn","nonsyn","nonsyn","T","A","P","S",1,1,0,0,0,0,230
"596",689,689,680,"c","t","nonsyn","nonsyn","nonsyn","T","I","N","S",1,0,0,0,0,1,230
"597",690,690,681,"t","c","syn","syn","syn","T","T","T","T",0,0,0,0,0,0,230
"598",691,691,682,"a","g","nonsyn","nonsyn","nonsyn","I","V","L","F",0,0,0,0,0,0,231
"599",692,692,683,"t","c","nonsyn","nonsyn","nonsyn","I","T","N","S",1,1,1,0,0,0,231
"600",693,693,684,"t","c","syn","syn","nonsyn","I","I","I","M",0,0,0,0,1,0,231
"601",694,694,685,"a","g","nonsyn","syn","stop","R","G","R","*",1,0,1,0,0,0,232
"602",695,695,686,"g","a","nonsyn","nonsyn","nonsyn","R","K","T","I",0,1,1,0,0,0,232
"603",696,696,687,"a","g","syn","nonsyn","nonsyn","R","R","S","S",0,1,1,0,0,0,232
"604",697,697,688,"t","c","nonsyn","nonsyn","nonsyn","F","L","I","V",0,0,0,0,0,0,233
"605",698,698,689,"t","c","nonsyn","nonsyn","nonsyn","F","S","Y","C",1,0,1,0,0,0,233
"606",699,699,690,"t","c","syn","nonsyn","nonsyn","F","F","L","L",0,0,0,0,1,0,233
"607",700,700,691,"a","g","nonsyn","syn","nonsyn","R","G","R","W",1,0,1,0,1,0,234
"608",701,701,692,"g","a","nonsyn","nonsyn","nonsyn","R","K","T","M",0,1,1,0,0,0,234
"609",702,702,693,"g","a","syn","nonsyn","nonsyn","R","R","S","S",0,1,1,0,0,0,234
"610",703,703,694,"t","c","nonsyn","nonsyn","nonsyn","Y","H","N","D",1,1,1,0,0,0,235
"611",704,704,695,"a","g","nonsyn","nonsyn","nonsyn","Y","C","S","F",1,1,0,0,0,0,235
"612",705,705,696,"t","c","syn","stop","stop","Y","Y","*","*",0,1,1,1,0,0,235
"613",706,706,697,"t","c","nonsyn","nonsyn","nonsyn","C","R","S","G",1,1,0,0,0,0,236
"614",707,707,698,"g","a","nonsyn","nonsyn","nonsyn","C","Y","S","F",1,1,1,1,0,0,236
"615",708,708,699,"t","c","syn","stop","nonsyn","C","C","*","W",0,1,1,0,0,0,236
"616",709,709,700,"g","a","nonsyn","nonsyn","nonsyn","A","T","P","S",1,1,1,0,0,0,237
"617",710,710,701,"c","t","nonsyn","nonsyn","nonsyn","A","V","E","G",0,1,1,1,0,0,237
"618",711,711,702,"a","g","syn","syn","syn","A","A","A","A",0,0,0,0,0,0,237
"619",712,712,703,"c","t","nonsyn","nonsyn","nonsyn","P","S","T","A",1,1,1,0,0,1,238
"620",713,713,704,"c","t","nonsyn","nonsyn","nonsyn","P","L","H","R",1,1,1,0,0,1,238
"621",714,714,705,"t","c","syn","syn","syn","P","P","P","P",0,0,0,0,0,0,238
"622",715,715,706,"c","t","nonsyn","nonsyn","nonsyn","P","S","T","A",1,1,1,0,0,1,239
"623",716,716,707,"c","t","nonsyn","nonsyn","nonsyn","P","L","Q","R",1,1,1,1,1,0,239
"624",717,717,708,"a","g","syn","syn","syn","P","P","P","P",0,0,0,0,1,0,239
"625",718,718,709,"g","a","nonsyn","nonsyn","nonsyn","G","S","R","C",1,1,0,0,0,0,240
"626",719,719,710,"g","a","nonsyn","nonsyn","nonsyn","G","D","A","V",1,1,1,0,0,0,240
"627",720,720,711,"t","c","syn","syn","syn","G","G","G","G",0,0,0,0,0,0,240
"628",721,721,712,"t","c","nonsyn","nonsyn","nonsyn","Y","H","N","D",1,1,1,0,0,0,241
"629",722,722,713,"a","g","nonsyn","nonsyn","nonsyn","Y","C","S","F",1,1,0,1,0,0,241
"630",723,723,714,"t","c","syn","stop","stop","Y","Y","*","*",0,1,1,0,0,0,241
"631",724,724,715,"g","a","nonsyn","nonsyn","nonsyn","A","T","P","S",1,1,1,0,0,0,242
"632",725,725,716,"c","t","nonsyn","nonsyn","nonsyn","A","V","D","G",0,1,1,0,0,1,242
"633",726,726,717,"t","c","syn","syn","syn","A","A","A","A",0,0,0,0,0,0,242
"634",727,727,718,"t","c","syn","nonsyn","nonsyn","L","L","M","V",0,0,0,1,0,0,243
"635",728,728,719,"t","c","nonsyn","stop","nonsyn","L","S","*","W",1,1,0,0,0,0,243
"636",729,729,720,"g","a","syn","nonsyn","nonsyn","L","L","F","F",0,0,0,0,0,0,243
"637",730,730,721,"c","t","nonsyn","nonsyn","nonsyn","L","F","I","V",0,0,0,0,0,1,244
"638",731,731,722,"t","c","nonsyn","nonsyn","nonsyn","L","P","H","R",1,1,1,0,0,0,244
"639",732,732,723,"t","c","syn","syn","syn","L","L","L","L",0,0,0,0,1,0,244
"640",733,733,724,"a","g","nonsyn","syn","stop","R","G","R","*",1,0,1,0,0,0,245
"641",734,734,725,"g","a","nonsyn","nonsyn","nonsyn","R","K","T","I",0,1,1,0,0,0,245
"642",735,735,726,"a","g","syn","nonsyn","nonsyn","R","R","S","S",0,1,1,1,0,0,245
"643",736,736,727,"t","c","nonsyn","nonsyn","nonsyn","C","R","S","G",1,1,0,0,0,0,246
"644",737,737,728,"g","a","nonsyn","nonsyn","nonsyn","C","Y","S","F",1,1,1,0,0,0,246
"645",738,738,729,"t","c","syn","stop","nonsyn","C","C","*","W",0,1,1,0,0,0,246
"646",739,739,730,"a","g","nonsyn","nonsyn","nonsyn","N","D","H","Y",1,1,1,0,0,0,247
"647",740,740,731,"a","g","nonsyn","nonsyn","nonsyn","N","S","T","I",0,0,1,1,0,0,247
"648",741,741,732,"t","c","syn","nonsyn","nonsyn","N","N","K","K",0,1,1,0,0,0,247
"649",742,742,733,"g","a","nonsyn","nonsyn","nonsyn","D","N","H","Y",1,1,1,0,0,0,248
"650",743,743,734,"a","g","nonsyn","nonsyn","nonsyn","D","G","A","V",1,1,1,0,0,0,248
"651",744,744,735,"c","t","syn","nonsyn","nonsyn","D","D","E","E",0,0,0,1,0,0,248
"652",745,745,736,"a","g","nonsyn","nonsyn","nonsyn","T","A","P","S",1,1,0,0,0,0,249
"653",746,746,737,"c","t","nonsyn","nonsyn","nonsyn","T","I","K","R",1,1,1,1,0,0,249
"654",747,747,738,"a","g","syn","syn","syn","T","T","T","T",0,0,0,0,0,0,249
"655",748,748,739,"a","g","nonsyn","nonsyn","nonsyn","N","D","H","Y",1,1,1,0,0,0,250
"656",749,749,740,"a","g","nonsyn","nonsyn","nonsyn","N","S","T","I",0,0,1,0,0,0,250
"657",750,750,741,"t","c","syn","nonsyn","nonsyn","N","N","K","K",0,1,1,0,0,0,250
"658",751,751,742,"t","c","nonsyn","nonsyn","nonsyn","Y","H","N","D",1,1,1,0,0,0,251
"659",752,752,743,"a","g","nonsyn","nonsyn","nonsyn","Y","C","S","F",1,1,0,0,0,0,251
"660",753,753,744,"t","c","syn","stop","stop","Y","Y","*","*",0,1,1,0,0,0,251
"661",754,754,745,"t","c","nonsyn","nonsyn","nonsyn","S","P","T","A",1,0,1,0,0,0,252
"662",755,755,746,"c","t","nonsyn","stop","stop","S","L","*","*",1,1,1,1,1,0,252
"663",756,756,747,"a","g","syn","syn","syn","S","S","S","S",0,0,0,0,1,0,252
"664",757,757,748,"g","a","nonsyn","nonsyn","nonsyn","G","S","R","C",1,1,0,0,0,0,253
"665",758,758,749,"g","a","nonsyn","nonsyn","nonsyn","G","D","A","V",1,1,1,0,0,0,253
"666",759,759,750,"c","t","syn","syn","syn","G","G","G","G",0,0,0,0,0,1,253
"667",760,760,751,"t","c","nonsyn","nonsyn","nonsyn","F","L","I","V",0,0,0,0,0,0,254
"668",761,761,752,"t","c","nonsyn","nonsyn","nonsyn","F","S","Y","C",1,0,1,0,0,0,254
"669",762,762,753,"t","c","syn","nonsyn","nonsyn","F","F","L","L",0,0,0,0,0,0,254
"670",763,763,754,"a","g","nonsyn","nonsyn","nonsyn","M","V","L","L",0,0,0,1,0,0,255
"671",764,764,755,"t","c","nonsyn","nonsyn","nonsyn","M","T","K","R",1,1,1,0,0,0,255
"672",765,765,756,"g","a","nonsyn","nonsyn","nonsyn","M","I","I","I",0,0,0,0,0,0,255
"673",766,766,757,"c","t","nonsyn","nonsyn","nonsyn","P","S","T","A",1,1,1,0,0,1,256
"674",767,767,758,"c","t","nonsyn","nonsyn","nonsyn","P","L","H","R",1,1,1,0,0,1,256
"675",768,768,759,"t","c","syn","syn","syn","P","P","P","P",0,0,0,0,0,0,256
"676",769,769,760,"a","g","nonsyn","nonsyn","stop","K","E","Q","*",1,1,1,0,0,0,257
"677",770,770,761,"a","g","nonsyn","nonsyn","nonsyn","K","R","T","I",0,1,1,0,0,0,257
"678",771,771,762,"a","g","syn","nonsyn","nonsyn","K","K","N","N",0,1,1,1,0,0,257
"679",772,772,763,"t","c","nonsyn","nonsyn","nonsyn","C","R","S","G",1,1,0,0,0,0,258
"680",773,773,764,"g","a","nonsyn","nonsyn","nonsyn","C","Y","S","F",1,1,1,0,0,0,258
"681",774,774,765,"t","c","syn","stop","nonsyn","C","C","*","W",0,1,1,0,0,0,258
"682",775,775,766,"t","c","nonsyn","nonsyn","nonsyn","S","P","T","A",1,0,1,0,0,0,259
"683",776,776,767,"c","t","nonsyn","nonsyn","nonsyn","S","F","Y","C",1,1,1,0,0,1,259
"684",777,777,768,"t","c","syn","syn","syn","S","S","S","S",0,0,0,0,0,0,259
"685",778,778,769,"a","g","nonsyn","nonsyn","stop","K","E","Q","*",1,1,1,0,1,0,260
"686",779,779,770,"a","g","nonsyn","nonsyn","nonsyn","K","R","T","M",0,1,1,0,1,0,260
"687",780,780,771,"g","a","syn","nonsyn","nonsyn","K","K","N","N",0,1,1,0,0,0,260
"688",781,781,772,"g","a","nonsyn","nonsyn","nonsyn","V","M","L","L",0,0,0,1,0,0,261
"689",782,782,773,"t","c","nonsyn","nonsyn","nonsyn","V","A","E","G",0,1,1,0,1,0,261
"690",783,783,774,"g","a","syn","syn","syn","V","V","V","V",0,0,0,0,0,0,261
"691",784,784,775,"g","a","nonsyn","nonsyn","nonsyn","V","M","L","L",0,0,0,1,0,0,262
"692",785,785,776,"t","c","nonsyn","nonsyn","nonsyn","V","A","E","G",0,1,1,0,1,0,262
"693",786,786,777,"g","a","syn","syn","syn","V","V","V","V",0,0,0,0,0,0,262
"694",787,787,778,"g","a","nonsyn","nonsyn","nonsyn","V","I","L","F",0,0,0,0,0,0,263
"695",788,788,779,"t","c","nonsyn","nonsyn","nonsyn","V","A","D","G",0,1,1,0,0,0,263
"696",789,789,780,"c","t","syn","syn","syn","V","V","V","V",0,0,0,0,0,1,263
"697",790,790,781,"t","c","nonsyn","nonsyn","nonsyn","S","P","T","A",1,0,1,0,0,0,264
"698",791,791,782,"c","t","nonsyn","nonsyn","nonsyn","S","F","Y","C",1,1,1,0,0,1,264
"699",792,792,783,"t","c","syn","syn","syn","S","S","S","S",0,0,0,0,0,0,264
"700",793,793,784,"t","c","nonsyn","nonsyn","nonsyn","S","P","T","A",1,0,1,0,0,0,265
"701",794,794,785,"c","t","nonsyn","stop","stop","S","L","*","*",1,1,1,1,0,0,265
"702",795,795,786,"a","g","syn","syn","syn","S","S","S","S",0,0,0,1,0,0,265
"703",796,796,787,"t","c","nonsyn","nonsyn","nonsyn","C","R","S","G",1,1,0,0,0,0,266
"704",797,797,788,"g","a","nonsyn","nonsyn","nonsyn","C","Y","S","F",1,1,1,0,0,0,266
"705",798,798,789,"c","t","syn","stop","nonsyn","C","C","*","W",0,1,1,1,0,0,266
"706",799,799,790,"a","g","nonsyn","nonsyn","nonsyn","T","A","P","S",1,1,0,0,0,0,267
"707",800,800,791,"c","t","nonsyn","nonsyn","nonsyn","T","I","K","R",1,1,1,1,0,0,267
"708",801,801,792,"a","g","syn","syn","syn","T","T","T","T",0,0,0,0,1,0,267
"709",802,802,793,"a","g","nonsyn","syn","nonsyn","R","G","R","W",1,0,1,0,1,0,268
"710",803,803,794,"g","a","nonsyn","nonsyn","nonsyn","R","K","T","M",0,1,1,0,0,0,268
"711",804,804,795,"g","a","syn","nonsyn","nonsyn","R","R","S","S",0,1,1,0,0,0,268
"712",805,805,796,"a","g","nonsyn","nonsyn","nonsyn","M","V","L","L",0,0,0,1,0,0,269
"713",806,806,797,"t","c","nonsyn","nonsyn","nonsyn","M","T","K","R",1,1,1,0,0,0,269
"714",807,807,798,"g","a","nonsyn","nonsyn","nonsyn","M","I","I","I",0,0,0,0,0,0,269
"715",808,808,799,"a","g","nonsyn","nonsyn","nonsyn","M","V","L","L",0,0,0,1,0,0,270
"716",809,809,800,"t","c","nonsyn","nonsyn","nonsyn","M","T","K","R",1,1,1,0,1,0,270
"717",810,810,801,"g","a","nonsyn","nonsyn","nonsyn","M","I","I","I",0,0,0,0,0,0,270
"718",811,811,802,"g","a","nonsyn","nonsyn","stop","E","K","Q","*",1,1,1,0,1,0,271
"719",812,812,803,"a","g","nonsyn","nonsyn","nonsyn","E","G","A","V",1,1,1,0,0,0,271
"720",813,813,804,"g","a","syn","nonsyn","nonsyn","E","E","D","D",0,0,0,0,0,0,271
"721",814,814,805,"a","g","nonsyn","nonsyn","nonsyn","T","A","P","S",1,1,0,0,0,0,272
"722",815,815,806,"c","t","nonsyn","nonsyn","nonsyn","T","I","K","R",1,1,1,1,0,0,272
"723",816,816,807,"a","g","syn","syn","syn","T","T","T","T",0,0,0,0,0,0,272
"724",817,817,808,"c","t","stop","nonsyn","nonsyn","Q","*","K","E",1,1,1,1,1,0,273
"725",818,818,809,"a","g","nonsyn","nonsyn","nonsyn","Q","R","P","L",1,1,1,0,0,0,273
"726",819,819,810,"g","a","syn","nonsyn","nonsyn","Q","Q","H","H",0,1,1,0,0,0,273
"727",820,820,811,"a","g","nonsyn","nonsyn","nonsyn","T","A","P","S",1,1,0,0,0,0,274
"728",821,821,812,"c","t","nonsyn","nonsyn","nonsyn","T","I","N","S",1,0,0,0,0,1,274
"729",822,822,813,"t","c","syn","syn","syn","T","T","T","T",0,0,0,0,0,0,274
"730",823,823,814,"t","c","nonsyn","nonsyn","nonsyn","Y","H","N","D",1,1,1,0,0,0,275
"731",824,824,815,"a","g","nonsyn","nonsyn","nonsyn","Y","C","S","F",1,1,0,0,0,0,275
"732",825,825,816,"t","c","syn","stop","stop","Y","Y","*","*",0,1,1,0,0,0,275
"733",826,826,817,"a","g","nonsyn","nonsyn","nonsyn","T","A","P","S",1,1,0,0,0,0,276
"734",827,827,818,"c","t","nonsyn","nonsyn","nonsyn","T","I","N","S",1,0,0,0,0,1,276
"735",828,828,819,"t","c","syn","syn","syn","T","T","T","T",0,0,0,1,0,0,276
"736",829,829,820,"t","c","nonsyn","nonsyn","nonsyn","W","R","R","G",1,1,1,0,1,0,277
"737",830,830,821,"g","a","stop","nonsyn","nonsyn","W","*","S","L",1,1,0,0,0,0,277
"738",831,831,822,"g","a","stop","nonsyn","nonsyn","W","*","C","C",1,1,1,0,0,0,277
"739",832,832,823,"t","c","nonsyn","nonsyn","nonsyn","F","L","I","V",0,0,0,0,0,0,278
"740",833,833,824,"t","c","nonsyn","nonsyn","nonsyn","F","S","Y","C",1,0,1,0,0,0,278
"741",834,834,825,"t","c","syn","nonsyn","nonsyn","F","F","L","L",0,0,0,0,0,0,278
