"","ref251.pos","ref239.pos","ref251","ref","transition.ref","Type.ref","Type.tv1.ref","Type.tv2.ref","WTAA.ref","MUTAA.ref","TVS1_AA.ref","TVS2_AA.ref","bigAAChange.ref","bigAAChange.tv1.ref","bigAAChange.tv2.ref","makesCpG.ref","makesCpG.tv1.ref","makesCpG.tv2.ref","AA251pos","AA239pos"
"1",94,94,"g","g","a","nonsyn","nonsyn","nonsyn","V","I","L","L",0,0,0,0,0,0,32,32
"2",95,95,"t","t","c","nonsyn","nonsyn","nonsyn","V","A","E","G",0,1,1,0,0,0,32,32
"3",96,96,"a","a","g","syn","syn","syn","V","V","V","V",0,0,0,0,0,0,32,32
"4",97,97,"c","c","t","nonsyn","nonsyn","nonsyn","P","S","T","A",1,1,1,0,0,1,33,33
"5",98,98,"c","c","t","nonsyn","nonsyn","nonsyn","P","L","Q","R",1,1,1,1,1,0,33,33
"6",99,99,"a","a","g","syn","syn","syn","P","P","P","P",0,0,0,0,0,0,33,33
"7",100,100,"g","g","a","nonsyn","nonsyn","nonsyn","A","T","P","S",1,1,1,0,0,0,34,34
"8",101,101,"c","c","t","nonsyn","nonsyn","nonsyn","A","V","D","G",0,1,1,0,0,1,34,34
"9",102,102,"t","t","c","syn","syn","syn","A","A","A","A",0,0,0,1,0,0,34,34
"10",103,103,"t","t","c","nonsyn","nonsyn","nonsyn","W","R","R","G",1,1,1,0,1,0,35,35
"11",104,104,"g","g","a","stop","nonsyn","nonsyn","W","*","S","L",1,1,0,0,0,0,35,35
"12",105,105,"g","g","a","stop","nonsyn","nonsyn","W","*","C","C",1,1,1,0,1,0,35,35
"13",106,106,"a","a","g","nonsyn","syn","nonsyn","R","G","R","W",1,0,1,0,1,0,36,36
"14",107,107,"g","g","a","nonsyn","nonsyn","nonsyn","R","K","T","M",0,1,1,0,0,0,36,36
"15",108,108,"g","g","a","syn","nonsyn","nonsyn","R","R","S","S",0,1,1,0,0,0,36,36
"16",109,109,"a","a","g","nonsyn","nonsyn","nonsyn","N","D","H","Y",1,1,1,0,0,0,37,37
"17",110,110,"a","a","g","nonsyn","nonsyn","nonsyn","N","S","T","I",0,0,1,1,0,0,37,37
"18",111,111,"t","t","c","syn","nonsyn","nonsyn","N","N","K","K",0,1,1,0,0,0,37,37
"19",112,112,"g","g","a","nonsyn","nonsyn","nonsyn","A","T","P","S",1,1,1,0,0,0,38,38
"20",113,113,"c","c","t","nonsyn","nonsyn","nonsyn","A","V","E","G",0,1,1,0,0,0,38,38
"21",114,114,"g","g","a","syn","syn","syn","A","A","A","A",0,0,0,0,0,0,38,38
"22",115,115,"a","a","g","nonsyn","nonsyn","nonsyn","T","A","P","S",1,1,0,0,0,0,39,39
"23",116,116,"c","c","t","nonsyn","nonsyn","nonsyn","T","I","K","R",1,1,1,1,0,0,39,39
"24",117,117,"a","a","g","syn","syn","syn","T","T","T","T",0,0,0,0,0,0,39,39
"25",118,118,"a","a","g","nonsyn","nonsyn","nonsyn","I","V","L","F",0,0,0,0,0,0,40,40
"26",119,119,"t","t","c","nonsyn","nonsyn","nonsyn","I","T","N","S",1,1,1,0,0,0,40,40
"27",120,120,"t","t","c","syn","syn","nonsyn","I","I","I","M",0,0,0,0,0,0,40,40
"28",121,121,"c","c","t","nonsyn","nonsyn","nonsyn","P","S","T","A",1,1,1,0,0,1,41,41
"29",122,122,"c","c","t","nonsyn","nonsyn","nonsyn","P","L","H","R",1,1,1,0,0,1,41,41
"30",123,123,"c","c","t","syn","syn","syn","P","P","P","P",0,0,0,0,0,1,41,41
"31",124,124,"c","c","t","nonsyn","nonsyn","nonsyn","L","F","I","V",0,0,0,0,0,1,42,42
"32",125,125,"t","t","c","nonsyn","nonsyn","nonsyn","L","P","H","R",1,1,1,0,0,0,42,42
"33",126,126,"c","c","t","syn","syn","syn","L","L","L","L",0,0,0,0,0,1,42,42
"34",127,127,"t","t","c","nonsyn","nonsyn","nonsyn","F","L","I","V",0,0,0,0,0,0,43,43
"35",128,128,"t","t","c","nonsyn","nonsyn","nonsyn","F","S","Y","C",1,0,1,0,0,0,43,43
"36",129,129,"c","c","t","syn","nonsyn","nonsyn","F","F","L","L",0,0,0,1,0,1,43,43
"37",130,130,"t","t","c","nonsyn","nonsyn","nonsyn","C","R","S","G",1,1,0,0,0,0,44,44
"38",131,131,"g","g","a","nonsyn","nonsyn","nonsyn","C","Y","S","F",1,1,1,1,0,0,44,44
"39",132,132,"t","t","c","syn","stop","nonsyn","C","C","*","W",0,1,1,0,0,0,44,44
"40",133,133,"g","g","a","nonsyn","nonsyn","nonsyn","A","T","P","S",1,1,1,0,0,0,45,45
"41",134,134,"c","c","t","nonsyn","nonsyn","nonsyn","A","V","E","G",0,1,1,1,0,0,45,45
"42",135,135,"a","a","g","syn","syn","syn","A","A","A","A",0,0,0,0,0,0,45,45
"43",136,136,"a","a","g","nonsyn","nonsyn","nonsyn","T","A","P","S",1,1,0,0,0,0,46,46
"44",137,137,"c","c","t","nonsyn","nonsyn","nonsyn","T","I","N","S",1,0,0,0,0,1,46,46
"45",138,138,"c","c","t","syn","syn","syn","T","T","T","T",0,0,0,1,0,0,46,46
"46",139,139,"a","a","g","nonsyn","nonsyn","stop","K","E","Q","*",1,1,1,0,1,0,47,47
"47",140,140,"a","a","g","nonsyn","nonsyn","nonsyn","K","R","T","M",0,1,1,0,0,0,47,47
"48",141,141,"g","g","a","syn","nonsyn","nonsyn","K","K","N","N",0,1,1,0,0,0,47,47
"49",142,142,"a","a","g","nonsyn","nonsyn","nonsyn","N","D","H","Y",1,1,1,0,0,0,48,48
"50",143,143,"a","a","g","nonsyn","nonsyn","nonsyn","N","S","T","I",0,0,1,0,0,0,48,48
"51",144,144,"t","t","c","syn","nonsyn","nonsyn","N","N","K","K",0,1,1,0,1,0,48,48
"52",145,145,"a","a","g","nonsyn","syn","nonsyn","R","G","R","W",1,0,1,0,1,0,49,49
"53",146,146,"g","g","a","nonsyn","nonsyn","nonsyn","R","K","T","M",0,1,1,0,1,0,49,49
"54",147,147,"g","g","a","syn","nonsyn","nonsyn","R","R","S","S",0,1,1,0,0,0,49,49
"55",148,148,"g","g","a","nonsyn","nonsyn","nonsyn","D","N","H","Y",1,1,1,0,0,0,50,50
"56",149,149,"a","a","g","nonsyn","nonsyn","nonsyn","D","G","A","V",1,1,1,0,0,0,50,50
"57",150,150,"t","t","c","syn","nonsyn","nonsyn","D","D","E","E",0,0,0,0,0,0,50,50
"58",151,151,"a","a","g","nonsyn","nonsyn","nonsyn","T","A","P","S",1,1,0,0,0,0,51,51
"59",152,152,"c","c","t","nonsyn","nonsyn","nonsyn","T","I","N","S",1,0,0,0,0,1,51,51
"60",153,153,"t","t","c","syn","syn","syn","T","T","T","T",0,0,0,1,0,0,51,51
"61",154,154,"t","t","c","nonsyn","nonsyn","nonsyn","W","R","R","G",1,1,1,0,1,0,52,52
"62",155,155,"g","g","a","stop","nonsyn","nonsyn","W","*","S","L",1,1,0,0,1,0,52,52
"63",156,156,"g","g","a","stop","nonsyn","nonsyn","W","*","C","C",1,1,1,0,1,0,52,52
"64",157,157,"g","g","a","nonsyn","nonsyn","stop","G","R","R","*",1,1,1,0,0,0,53,53
"65",158,158,"g","g","a","nonsyn","nonsyn","nonsyn","G","E","A","V",1,1,1,0,0,0,53,53
"66",159,159,"a","a","g","syn","syn","syn","G","G","G","G",0,0,0,0,0,0,53,53
"67",160,160,"a","a","g","nonsyn","nonsyn","nonsyn","T","A","P","S",1,1,0,0,0,0,54,54
"68",161,161,"c","c","t","nonsyn","nonsyn","nonsyn","T","I","K","R",1,1,1,1,0,0,54,54
"69",162,162,"a","a","g","syn","syn","syn","T","T","T","T",0,0,0,0,0,0,54,54
"70",163,163,"a","a","g","nonsyn","nonsyn","nonsyn","T","A","P","S",1,1,0,0,0,0,55,55
"71",164,164,"c","c","t","nonsyn","nonsyn","nonsyn","T","I","N","S",1,0,0,0,0,1,55,55
"72",165,165,"t","t","c","syn","syn","syn","T","T","T","T",0,0,0,0,0,0,55,55
"73",166,166,"c","c","t","stop","nonsyn","nonsyn","Q","*","K","E",1,1,1,1,1,0,56,56
"74",167,167,"a","a","g","nonsyn","nonsyn","nonsyn","Q","R","P","L",1,1,1,0,0,0,56,56
"75",168,168,"g","g","a","syn","nonsyn","nonsyn","Q","Q","H","H",0,1,1,1,0,0,56,56
"76",169,169,"t","t","c","nonsyn","nonsyn","nonsyn","C","R","S","G",1,1,0,0,0,0,57,57
"77",170,170,"g","g","a","nonsyn","nonsyn","nonsyn","C","Y","S","F",1,1,1,0,0,0,57,57
"78",171,171,"c","c","t","syn","stop","nonsyn","C","C","*","W",0,1,1,0,0,1,57,57
"79",172,172,"c","c","t","syn","nonsyn","nonsyn","L","L","I","V",0,0,0,0,0,1,58,58
"80",173,173,"t","t","c","nonsyn","nonsyn","nonsyn","L","P","Q","R",1,1,1,0,0,0,58,58
"81",174,174,"a","a","g","syn","syn","syn","L","L","L","L",0,0,0,0,0,0,58,58
"82",175,175,"c","c","t","nonsyn","nonsyn","nonsyn","P","S","T","A",1,1,1,0,0,1,59,59
"83",176,176,"c","c","t","nonsyn","nonsyn","nonsyn","P","L","Q","R",1,1,1,1,1,0,59,59
"84",177,177,"a","a","g","syn","syn","syn","P","P","P","P",0,0,0,0,0,0,59,59
"85",178,178,"g","g","a","nonsyn","nonsyn","nonsyn","D","N","H","Y",1,1,1,0,0,0,60,60
"86",179,179,"a","a","g","nonsyn","nonsyn","nonsyn","D","G","A","V",1,1,1,0,0,0,60,60
"87",180,180,"t","t","c","syn","nonsyn","nonsyn","D","D","E","E",0,0,0,0,0,0,60,60
"88",181,181,"a","a","g","nonsyn","nonsyn","nonsyn","N","D","H","Y",1,1,1,0,0,0,61,61
"89",182,182,"a","a","g","nonsyn","nonsyn","nonsyn","N","S","T","I",0,0,1,1,0,0,61,61
"90",183,183,"t","t","c","syn","nonsyn","nonsyn","N","N","K","K",0,1,1,0,1,0,61,61
"91",184,184,"g","g","a","nonsyn","nonsyn","nonsyn","G","S","R","C",1,1,0,0,0,0,62,62
"92",185,185,"g","g","a","nonsyn","nonsyn","nonsyn","G","D","A","V",1,1,1,1,0,0,62,62
"93",186,186,"t","t","c","syn","syn","syn","G","G","G","G",0,0,0,0,0,0,62,62
"94",187,187,"g","g","a","nonsyn","nonsyn","nonsyn","D","N","H","Y",1,1,1,0,0,0,63,63
"95",188,188,"a","a","g","nonsyn","nonsyn","nonsyn","D","G","A","V",1,1,1,0,0,0,63,63
"96",189,189,"t","t","c","syn","nonsyn","nonsyn","D","D","E","E",0,0,0,0,0,0,63,63
"97",190,190,"t","t","c","nonsyn","nonsyn","nonsyn","Y","H","N","D",1,1,1,0,0,0,64,64
"98",191,191,"a","a","g","nonsyn","nonsyn","nonsyn","Y","C","S","F",1,1,0,0,0,0,64,64
"99",192,192,"t","t","c","syn","stop","stop","Y","Y","*","*",0,1,1,0,0,0,64,64
"100",193,193,"t","t","c","nonsyn","nonsyn","nonsyn","S","P","T","A",1,0,1,0,0,0,65,65
"101",194,194,"c","c","t","nonsyn","stop","stop","S","L","*","*",1,1,1,1,1,0,65,65
"102",195,195,"a","a","g","syn","syn","syn","S","S","S","S",0,0,0,0,0,0,65,65
"103",196,196,"g","g","a","nonsyn","nonsyn","stop","E","K","Q","*",1,1,1,0,0,0,66,66
"104",197,197,"a","a","g","nonsyn","nonsyn","nonsyn","E","G","A","V",1,1,1,0,0,0,66,66
"105",198,198,"a","a","g","syn","nonsyn","nonsyn","E","E","D","D",0,0,0,0,0,0,66,66
"106",199,199,"t","t","c","syn","nonsyn","nonsyn","L","L","M","V",0,0,0,1,0,0,67,67
"107",200,200,"t","t","c","nonsyn","stop","nonsyn","L","S","*","W",1,1,0,0,1,0,67,67
"108",201,201,"g","g","a","syn","nonsyn","nonsyn","L","L","F","F",0,0,0,0,0,0,67,67
"109",202,202,"g","g","a","nonsyn","nonsyn","nonsyn","A","T","P","S",1,1,1,0,0,0,68,68
"110",203,203,"c","c","t","nonsyn","nonsyn","nonsyn","A","V","D","G",0,1,1,0,0,1,68,68
"111",204,204,"c","c","t","syn","syn","syn","A","A","A","A",0,0,0,0,0,1,68,68
"112",205,205,"c","c","t","nonsyn","nonsyn","nonsyn","L","F","I","V",0,0,0,0,0,1,69,69
"113",206,206,"t","t","c","nonsyn","nonsyn","nonsyn","L","P","H","R",1,1,1,0,0,0,69,69
"114",207,207,"t","t","c","syn","syn","syn","L","L","L","L",0,0,0,0,0,0,69,69
"115",208,208,"a","a","g","nonsyn","nonsyn","nonsyn","N","D","H","Y",1,1,1,0,0,0,70,70
"116",209,209,"a","a","g","nonsyn","nonsyn","nonsyn","N","S","T","I",0,0,1,1,0,0,70,70
"117",210,210,"t","t","c","syn","nonsyn","nonsyn","N","N","K","K",0,1,1,0,0,0,70,70
"118",211,211,"g","g","a","nonsyn","nonsyn","nonsyn","V","I","L","F",0,0,0,0,0,0,71,71
"119",212,212,"t","t","c","nonsyn","nonsyn","nonsyn","V","A","D","G",0,1,1,0,0,0,71,71
"120",213,213,"t","t","c","syn","syn","syn","V","V","V","V",0,0,0,0,0,0,71,71
"121",214,214,"a","a","g","nonsyn","nonsyn","nonsyn","T","A","P","S",1,1,0,0,0,0,72,72
"122",215,215,"c","c","t","nonsyn","nonsyn","nonsyn","T","I","K","R",1,1,1,1,1,0,72,72
"123",216,216,"a","a","g","syn","syn","syn","T","T","T","T",0,0,0,0,0,0,72,72
"124",217,217,"g","g","a","nonsyn","nonsyn","stop","E","K","Q","*",1,1,1,0,0,0,73,73
"125",218,218,"a","a","g","nonsyn","nonsyn","nonsyn","E","G","A","V",1,1,1,0,0,0,73,73
"126",219,219,"a","a","g","syn","nonsyn","nonsyn","E","E","D","D",0,0,0,0,1,0,73,73
"127",220,220,"a","a","g","nonsyn","nonsyn","nonsyn","S","G","R","C",1,1,1,0,0,0,74,74
"128",221,221,"g","g","a","nonsyn","nonsyn","nonsyn","S","N","T","I",0,0,1,0,0,0,74,74
"129",222,222,"c","c","t","syn","nonsyn","nonsyn","S","S","R","R",0,1,1,0,0,1,74,74
"130",223,223,"t","t","c","nonsyn","nonsyn","nonsyn","F","L","I","V",0,0,0,0,0,0,75,75
"131",224,224,"t","t","c","nonsyn","nonsyn","nonsyn","F","S","Y","C",1,0,1,1,0,0,75,75
"132",225,225,"t","t","c","syn","nonsyn","nonsyn","F","F","L","L",0,0,0,0,0,0,75,75
"133",226,226,"g","g","a","nonsyn","nonsyn","nonsyn","D","N","H","Y",1,1,1,0,0,0,76,76
"134",227,227,"a","a","g","nonsyn","nonsyn","nonsyn","D","G","A","V",1,1,1,1,0,0,76,76
"135",228,228,"t","t","c","syn","nonsyn","nonsyn","D","D","E","E",0,0,0,0,0,0,76,76
"136",229,229,"g","g","a","nonsyn","nonsyn","nonsyn","A","T","P","S",1,1,1,0,0,0,77,77
"137",230,230,"c","c","t","nonsyn","nonsyn","nonsyn","A","V","D","G",0,1,1,0,0,1,77,77
"138",231,231,"t","t","c","syn","syn","syn","A","A","A","A",0,0,0,1,0,0,77,77
"139",232,232,"t","t","c","nonsyn","nonsyn","nonsyn","W","R","R","G",1,1,1,0,1,0,78,78
"140",233,233,"g","g","a","stop","nonsyn","nonsyn","W","*","S","L",1,1,0,0,1,0,78,78
"141",234,234,"g","g","a","stop","nonsyn","nonsyn","W","*","C","C",1,1,1,0,0,0,78,78
"142",235,235,"g","g","a","nonsyn","nonsyn","stop","E","K","Q","*",1,1,1,0,1,0,79,79
"143",236,236,"a","a","g","nonsyn","nonsyn","nonsyn","E","G","A","V",1,1,1,0,0,0,79,79
"144",237,237,"g","g","a","syn","nonsyn","nonsyn","E","E","D","D",0,0,0,0,0,0,79,79
"145",238,238,"a","a","g","nonsyn","nonsyn","nonsyn","N","D","H","Y",1,1,1,0,0,0,80,80
"146",239,239,"a","a","g","nonsyn","nonsyn","nonsyn","N","S","T","I",0,0,1,0,0,0,80,80
"147",240,240,"t","t","c","syn","nonsyn","nonsyn","N","N","K","K",0,1,1,0,0,0,80,80
"148",241,241,"a","a","g","nonsyn","nonsyn","nonsyn","T","A","P","S",1,1,0,0,0,0,81,81
"149",242,242,"c","c","t","nonsyn","nonsyn","nonsyn","T","I","K","R",1,1,1,1,1,0,81,81
"150",243,243,"a","a","g","syn","syn","syn","T","T","T","T",0,0,0,0,0,0,81,81
"151",244,244,"g","g","a","nonsyn","nonsyn","nonsyn","V","I","L","F",0,0,0,0,0,0,82,82
"152",245,245,"t","t","c","nonsyn","nonsyn","nonsyn","V","A","D","G",0,1,1,0,0,0,82,82
"153",246,246,"c","c","t","syn","syn","syn","V","V","V","V",0,0,0,1,0,0,82,82
"154",247,247,"a","a","g","nonsyn","nonsyn","nonsyn","T","A","P","S",1,1,0,0,0,0,83,83
"155",248,248,"c","c","t","nonsyn","nonsyn","nonsyn","T","I","K","R",1,1,1,1,1,0,83,83
"156",249,249,"a","a","g","syn","syn","syn","T","T","T","T",0,0,0,0,0,0,83,83
"157",250,250,"g","g","a","nonsyn","nonsyn","stop","E","K","Q","*",1,1,1,0,0,0,84,84
"158",251,251,"a","a","g","nonsyn","nonsyn","nonsyn","E","G","A","V",1,1,1,0,0,0,84,84
"159",252,252,"a","a","g","syn","nonsyn","nonsyn","E","E","D","D",0,0,0,0,0,0,84,84
"160",253,253,"c","c","t","stop","nonsyn","nonsyn","Q","*","K","E",1,1,1,1,1,0,85,85
"161",254,254,"a","a","g","nonsyn","nonsyn","nonsyn","Q","R","P","L",1,1,1,0,1,0,85,85
"162",255,255,"g","g","a","syn","nonsyn","nonsyn","Q","Q","H","H",0,1,1,0,0,0,85,85
"163",256,256,"g","g","a","nonsyn","nonsyn","nonsyn","A","T","P","S",1,1,1,0,0,0,86,86
"164",257,257,"c","c","t","nonsyn","nonsyn","nonsyn","A","V","E","G",0,1,1,1,0,0,86,86
"165",258,258,"a","a","g","syn","syn","syn","A","A","A","A",0,0,0,0,0,0,86,86
"166",259,259,"a","a","g","nonsyn","nonsyn","nonsyn","I","V","L","L",0,0,0,0,0,0,87,87
"167",260,260,"t","t","c","nonsyn","nonsyn","nonsyn","I","T","K","R",1,1,1,0,1,0,87,87
"168",261,261,"a","a","g","nonsyn","syn","syn","I","M","I","I",0,0,0,0,0,0,87,87
"169",262,262,"g","g","a","nonsyn","nonsyn","stop","E","K","Q","*",1,1,1,0,1,0,88,88
"170",263,263,"a","a","g","nonsyn","nonsyn","nonsyn","E","G","A","V",1,1,1,0,1,0,88,88
"171",264,264,"g","g","a","syn","nonsyn","nonsyn","E","E","D","D",0,0,0,0,0,0,88,88
"172",265,265,"g","g","a","nonsyn","nonsyn","nonsyn","D","N","H","Y",1,1,1,0,0,0,89,89
"173",266,266,"a","a","g","nonsyn","nonsyn","nonsyn","D","G","A","V",1,1,1,1,0,0,89,89
"174",267,267,"t","t","c","syn","nonsyn","nonsyn","D","D","E","E",0,0,0,0,0,0,89,89
"175",268,268,"g","g","a","nonsyn","nonsyn","nonsyn","V","I","L","L",0,0,0,0,0,0,90,90
"176",269,269,"t","t","c","nonsyn","nonsyn","nonsyn","V","A","E","G",0,1,1,0,0,0,90,90
"177",270,270,"a","a","g","syn","syn","syn","V","V","V","V",0,0,0,1,0,0,90,90
"178",271,271,"t","t","c","nonsyn","nonsyn","nonsyn","W","R","R","G",1,1,1,0,1,0,91,91
"179",272,272,"g","g","a","stop","nonsyn","nonsyn","W","*","S","L",1,1,0,0,0,0,91,91
"180",273,273,"g","g","a","stop","nonsyn","nonsyn","W","*","C","C",1,1,1,0,0,0,91,91
"181",274,274,"c","c","t","stop","nonsyn","nonsyn","Q","*","K","E",1,1,1,1,0,0,92,92
"182",275,275,"a","a","g","nonsyn","nonsyn","nonsyn","Q","R","P","L",1,1,1,0,0,0,92,92
"183",276,276,"a","a","g","syn","nonsyn","nonsyn","Q","Q","H","H",0,1,1,0,0,0,92,92
"184",277,277,"c","c","t","nonsyn","nonsyn","nonsyn","L","F","I","V",0,0,0,0,0,1,93,93
"185",278,278,"t","t","c","nonsyn","nonsyn","nonsyn","L","P","H","R",1,1,1,0,0,0,93,93
"186",279,279,"c","c","t","syn","syn","syn","L","L","L","L",0,0,0,0,0,1,93,93
"187",280,280,"t","t","c","nonsyn","nonsyn","nonsyn","F","L","I","V",0,0,0,0,0,0,94,94
"188",281,281,"t","t","c","nonsyn","nonsyn","nonsyn","F","S","Y","C",1,0,1,1,0,0,94,94
"189",282,282,"t","t","c","syn","nonsyn","nonsyn","F","F","L","L",0,0,0,0,0,0,94,94
"190",283,283,"g","g","a","nonsyn","nonsyn","stop","E","K","Q","*",1,1,1,0,1,0,95,95
"191",284,284,"a","a","g","nonsyn","nonsyn","nonsyn","E","G","A","V",1,1,1,0,0,0,95,95
"192",285,285,"g","g","a","syn","nonsyn","nonsyn","E","E","D","D",0,0,0,0,0,0,95,95
"193",286,286,"a","a","g","nonsyn","nonsyn","nonsyn","T","A","P","S",1,1,0,0,0,0,96,96
"194",287,287,"c","c","t","nonsyn","nonsyn","nonsyn","T","I","N","S",1,0,0,0,0,1,96,96
"195",288,288,"c","c","t","syn","syn","syn","T","T","T","T",0,0,0,0,0,1,96,96
"196",289,289,"t","t","c","nonsyn","nonsyn","nonsyn","S","P","T","A",1,0,1,0,0,0,97,97
"197",290,290,"c","c","t","nonsyn","stop","stop","S","L","*","*",1,1,1,1,0,0,97,97
"198",291,291,"a","a","g","syn","syn","syn","S","S","S","S",0,0,0,0,0,0,97,97
"199",292,292,"a","a","g","nonsyn","nonsyn","nonsyn","I","V","L","L",0,0,0,0,0,0,98,98
"200",293,293,"t","t","c","nonsyn","nonsyn","nonsyn","I","T","K","R",1,1,1,0,0,0,98,98
"201",294,294,"a","a","g","nonsyn","syn","syn","I","M","I","I",0,0,0,0,0,0,98,98
"202",295,295,"a","a","g","nonsyn","nonsyn","stop","K","E","Q","*",1,1,1,0,1,0,99,99
"203",296,296,"a","a","g","nonsyn","nonsyn","nonsyn","K","R","T","M",0,1,1,0,0,0,99,99
"204",297,297,"g","g","a","syn","nonsyn","nonsyn","K","K","N","N",0,1,1,0,0,0,99,99
"205",298,298,"c","c","t","nonsyn","nonsyn","nonsyn","P","S","T","A",1,1,1,0,0,1,100,100
"206",299,299,"c","c","t","nonsyn","nonsyn","nonsyn","P","L","H","R",1,1,1,0,0,1,100,100
"207",300,300,"t","t","c","syn","syn","syn","P","P","P","P",0,0,0,1,0,0,100,100
"208",301,301,"t","t","c","nonsyn","nonsyn","nonsyn","C","R","S","G",1,1,0,0,0,0,101,101
"209",302,302,"g","g","a","nonsyn","nonsyn","nonsyn","C","Y","S","F",1,1,1,1,0,0,101,101
"210",303,303,"t","t","c","syn","stop","nonsyn","C","C","*","W",0,1,1,0,0,0,101,101
"211",304,304,"g","g","a","nonsyn","nonsyn","nonsyn","V","I","L","L",0,0,0,0,0,0,102,102
"212",305,305,"t","t","c","nonsyn","nonsyn","nonsyn","V","A","E","G",0,1,1,0,0,0,102,102
"213",306,306,"a","a","g","syn","syn","syn","V","V","V","V",0,0,0,0,0,0,102,102
"214",307,307,"a","a","g","nonsyn","nonsyn","stop","K","E","Q","*",1,1,1,0,0,0,103,103
"215",308,308,"a","a","g","nonsyn","nonsyn","nonsyn","K","R","T","I",0,1,1,0,0,0,103,103
"216",309,309,"a","a","g","syn","nonsyn","nonsyn","K","K","N","N",0,1,1,0,0,0,103,103
"217",310,310,"t","t","c","syn","nonsyn","nonsyn","L","L","I","V",0,0,0,0,0,0,104,104
"218",311,311,"t","t","c","nonsyn","stop","stop","L","S","*","*",1,1,1,0,0,0,104,104
"219",312,312,"a","a","g","syn","nonsyn","nonsyn","L","L","F","F",0,0,0,0,0,0,104,104
"220",313,313,"t","t","c","nonsyn","nonsyn","nonsyn","S","P","T","A",1,0,1,0,0,0,105,105
"221",314,314,"c","c","t","nonsyn","nonsyn","nonsyn","S","F","Y","C",1,1,1,0,0,1,105,105
"222",315,315,"c","c","t","syn","syn","syn","S","S","S","S",0,0,0,0,0,1,105,105
"223",316,316,"c","c","t","nonsyn","nonsyn","nonsyn","P","S","T","A",1,1,1,0,0,1,106,106
"224",317,317,"c","c","t","nonsyn","nonsyn","nonsyn","P","L","Q","R",1,1,1,1,0,0,106,106
"225",318,318,"a","a","g","syn","syn","syn","P","P","P","P",0,0,0,0,0,0,106,106
"226",319,319,"t","t","c","syn","nonsyn","nonsyn","L","L","I","V",0,0,0,0,0,0,107,107
"227",320,320,"t","t","c","nonsyn","stop","stop","L","S","*","*",1,1,1,0,0,0,107,107
"228",321,321,"a","a","g","syn","nonsyn","nonsyn","L","L","F","F",0,0,0,1,0,0,107,107
"229",322,322,"t","t","c","nonsyn","nonsyn","nonsyn","C","R","S","G",1,1,0,0,0,0,108,108
"230",323,323,"g","g","a","nonsyn","nonsyn","nonsyn","C","Y","S","F",1,1,1,0,0,0,108,108
"231",324,324,"c","c","t","syn","stop","nonsyn","C","C","*","W",0,1,1,1,0,0,108,108
"232",325,325,"a","a","g","nonsyn","nonsyn","nonsyn","I","V","L","F",0,0,0,0,0,0,109,109
"233",326,326,"t","t","c","nonsyn","nonsyn","nonsyn","I","T","N","S",1,1,1,0,0,0,109,109
"234",327,327,"t","t","c","syn","syn","nonsyn","I","I","I","M",0,0,0,0,0,0,109,109
"235",328,328,"a","a","g","nonsyn","nonsyn","nonsyn","T","A","P","S",1,1,0,0,0,0,110,110
"236",329,329,"c","c","t","nonsyn","nonsyn","nonsyn","T","I","N","S",1,0,0,0,0,1,110,110
"237",330,330,"t","t","c","syn","syn","syn","T","T","T","T",0,0,0,0,0,0,110,110
"238",331,331,"a","a","g","nonsyn","nonsyn","nonsyn","M","V","L","L",0,0,0,1,0,0,111,111
"239",332,332,"t","t","c","nonsyn","nonsyn","nonsyn","M","T","K","R",1,1,1,0,0,0,111,111
"240",333,333,"g","g","a","nonsyn","nonsyn","nonsyn","M","I","I","I",0,0,0,0,1,0,111,111
"241",334,334,"a","a","g","nonsyn","syn","stop","R","G","R","*",1,0,1,0,0,0,112,112
"242",335,335,"g","g","a","nonsyn","nonsyn","nonsyn","R","K","T","I",0,1,1,0,0,0,112,112
"243",336,336,"a","a","g","syn","nonsyn","nonsyn","R","R","S","S",0,1,1,1,0,0,112,112
"244",337,337,"t","t","c","nonsyn","nonsyn","nonsyn","C","R","S","G",1,1,0,0,0,0,113,113
"245",338,338,"g","g","a","nonsyn","nonsyn","nonsyn","C","Y","S","F",1,1,1,0,0,0,113,113
"246",339,339,"c","c","t","syn","stop","nonsyn","C","C","*","W",0,1,1,1,0,0,113,113
"247",340,340,"a","a","g","nonsyn","nonsyn","nonsyn","N","D","H","Y",1,1,1,0,0,0,114,114
"248",341,341,"a","a","g","nonsyn","nonsyn","nonsyn","N","S","T","I",0,0,1,0,0,0,114,114
"249",342,342,"t","t","c","syn","nonsyn","nonsyn","N","N","K","K",0,1,1,0,0,0,114,114
"250",343,343,"a","a","g","nonsyn","nonsyn","stop","K","E","Q","*",1,1,1,0,0,0,115,115
"251",344,344,"a","a","g","nonsyn","nonsyn","nonsyn","K","R","T","I",0,1,1,0,0,0,115,115
"252",345,345,"a","a","g","syn","nonsyn","nonsyn","K","K","N","N",0,1,1,0,1,0,115,115
"253",346,346,"a","a","g","nonsyn","nonsyn","nonsyn","S","G","R","C",1,1,1,0,0,0,116,116
"254",347,347,"g","g","a","nonsyn","nonsyn","nonsyn","S","N","T","I",0,0,1,1,0,0,116,116
"255",348,348,"t","t","c","syn","nonsyn","nonsyn","S","S","R","R",0,1,1,0,0,0,116,116
"256",349,349,"g","g","a","nonsyn","nonsyn","stop","E","K","Q","*",1,1,1,0,1,0,117,117
"257",350,350,"a","a","g","nonsyn","nonsyn","nonsyn","E","G","A","V",1,1,1,0,0,0,117,117
"258",351,351,"g","g","a","syn","nonsyn","nonsyn","E","E","D","D",0,0,0,0,0,0,117,117
"259",352,352,"a","a","g","nonsyn","nonsyn","nonsyn","T","A","P","S",1,1,0,0,0,0,118,118
"260",353,353,"c","c","t","nonsyn","nonsyn","nonsyn","T","I","K","R",1,1,1,1,1,0,118,118
"261",354,354,"a","a","g","syn","syn","syn","T","T","T","T",0,0,0,0,0,0,118,118
"262",355,355,"g","g","a","nonsyn","nonsyn","nonsyn","D","N","H","Y",1,1,1,0,0,0,119,119
"263",356,356,"a","a","g","nonsyn","nonsyn","nonsyn","D","G","A","V",1,1,1,0,0,0,119,119
"264",357,357,"t","t","c","syn","nonsyn","nonsyn","D","D","E","E",0,0,0,0,0,0,119,119
"265",358,358,"a","a","g","nonsyn","nonsyn","stop","K","E","Q","*",1,1,1,0,0,0,120,120
"266",359,359,"a","a","g","nonsyn","nonsyn","nonsyn","K","R","T","I",0,1,1,0,0,0,120,120
"267",360,360,"a","a","g","syn","nonsyn","nonsyn","K","K","N","N",0,1,1,1,0,0,120,120
"268",361,361,"t","t","c","nonsyn","nonsyn","nonsyn","W","R","R","G",1,1,1,0,1,0,121,121
"269",362,362,"g","g","a","stop","nonsyn","nonsyn","W","*","S","L",1,1,0,0,1,0,121,121
"270",363,363,"g","g","a","stop","nonsyn","nonsyn","W","*","C","C",1,1,1,0,1,0,121,121
"271",364,364,"g","g","a","nonsyn","nonsyn","stop","G","R","R","*",1,1,1,0,0,0,122,122
"272",365,365,"g","g","a","nonsyn","nonsyn","nonsyn","G","E","A","V",1,1,1,0,0,0,122,122
"273",366,366,"a","a","g","syn","syn","syn","G","G","G","G",0,0,0,0,0,0,122,122
"274",367,367,"t","t","c","syn","nonsyn","nonsyn","L","L","M","V",0,0,0,1,0,0,123,123
"275",368,368,"t","t","c","nonsyn","stop","nonsyn","L","S","*","W",1,1,0,0,0,0,123,123
"276",369,369,"g","g","a","syn","nonsyn","nonsyn","L","L","F","F",0,0,0,0,0,0,123,123
"277",370,370,"a","a","g","nonsyn","nonsyn","nonsyn","T","A","P","S",1,1,0,0,0,0,124,124
"278",371,371,"c","c","t","nonsyn","nonsyn","nonsyn","T","I","K","R",1,1,1,1,0,0,124,124
"279",372,372,"a","a","g","syn","syn","syn","T","T","T","T",0,0,0,0,0,0,124,124
"280",373,373,"a","a","g","nonsyn","nonsyn","stop","K","E","Q","*",1,1,1,0,0,0,125,125
"281",374,374,"a","a","g","nonsyn","nonsyn","nonsyn","K","R","T","I",0,1,1,0,0,0,125,125
"282",375,375,"a","a","g","syn","nonsyn","nonsyn","K","K","N","N",0,1,1,0,0,0,125,125
"283",376,376,"t","t","c","nonsyn","nonsyn","nonsyn","S","P","T","A",1,0,1,0,0,0,126,126
"284",377,377,"c","c","t","nonsyn","stop","stop","S","L","*","*",1,1,1,1,0,0,126,126
"285",378,378,"a","a","g","syn","syn","syn","S","S","S","S",0,0,0,0,0,0,126,126
"286",379,NA,"t","t","c","nonsyn","nonsyn","nonsyn","S","P","T","A",1,0,1,0,0,0,127,NA
"287",380,NA,"c","c","t","nonsyn","stop","stop","S","L","*","*",1,1,1,1,0,0,127,NA
"288",381,NA,"a","a","g","syn","syn","syn","S","S","S","S",0,0,0,0,0,0,127,NA
"289",382,NA,"a","a","g","nonsyn","nonsyn","nonsyn","T","A","P","S",1,1,0,0,0,0,128,NA
"290",383,NA,"c","c","t","nonsyn","nonsyn","nonsyn","T","I","K","R",1,1,1,1,0,0,128,NA
"291",384,NA,"a","a","g","syn","syn","syn","T","T","T","T",0,0,0,0,0,0,128,NA
"292",385,379,"a","a","g","nonsyn","nonsyn","nonsyn","I","V","L","L",0,0,0,0,0,0,129,127
"293",386,380,"t","t","c","nonsyn","nonsyn","nonsyn","I","T","K","R",1,1,1,0,0,0,129,127
"294",387,381,"a","a","g","nonsyn","syn","syn","I","M","I","I",0,0,0,0,0,0,129,127
"295",388,382,"a","a","g","nonsyn","nonsyn","nonsyn","T","A","P","S",1,1,0,0,0,0,130,128
"296",389,383,"c","c","t","nonsyn","nonsyn","nonsyn","T","I","K","R",1,1,1,1,0,0,130,128
"297",390,384,"a","a","g","syn","syn","syn","T","T","T","T",0,0,0,0,0,0,130,128
"298",391,385,"a","a","g","nonsyn","nonsyn","nonsyn","T","A","P","S",1,1,0,0,0,0,131,129
"299",392,386,"c","c","t","nonsyn","nonsyn","nonsyn","T","I","K","R",1,1,1,1,0,0,131,129
"300",393,387,"a","a","g","syn","syn","syn","T","T","T","T",0,0,0,0,0,0,131,129
"301",394,388,"a","a","g","nonsyn","nonsyn","nonsyn","T","A","P","S",1,1,0,0,0,0,132,130
"302",395,389,"c","c","t","nonsyn","nonsyn","nonsyn","T","I","K","R",1,1,1,1,1,0,132,130
"303",396,390,"a","a","g","syn","syn","syn","T","T","T","T",0,0,0,0,0,0,132,130
"304",397,391,"g","g","a","nonsyn","nonsyn","nonsyn","A","T","P","S",1,1,1,0,0,0,133,131
"305",398,392,"c","c","t","nonsyn","nonsyn","nonsyn","A","V","E","G",0,1,1,1,0,0,133,131
"306",399,393,"a","a","g","syn","syn","syn","A","A","A","A",0,0,0,0,0,0,133,131
"307",400,394,"a","a","g","nonsyn","nonsyn","nonsyn","T","A","P","S",1,1,0,0,0,0,134,132
"308",401,395,"c","c","t","nonsyn","nonsyn","nonsyn","T","I","K","R",1,1,1,1,0,0,134,132
"309",402,396,"a","a","g","syn","syn","syn","T","T","T","T",0,0,0,0,0,0,134,132
"310",403,397,"a","a","g","nonsyn","nonsyn","nonsyn","T","A","P","S",1,1,0,0,0,0,135,133
"311",404,398,"c","c","t","nonsyn","nonsyn","nonsyn","T","I","K","R",1,1,1,1,0,0,135,133
"312",405,399,"a","a","g","syn","syn","syn","T","T","T","T",0,0,0,0,0,0,135,133
"313",406,400,"a","a","g","nonsyn","nonsyn","nonsyn","T","A","P","S",1,1,0,0,0,0,136,134
"314",407,401,"c","c","t","nonsyn","nonsyn","nonsyn","T","I","K","R",1,1,1,1,0,0,136,134
"315",408,402,"a","a","g","syn","syn","syn","T","T","T","T",0,0,0,0,0,0,136,134
"316",409,403,"c","c","t","nonsyn","nonsyn","nonsyn","P","S","T","A",1,1,1,0,0,1,137,135
"317",410,404,"c","c","t","nonsyn","nonsyn","nonsyn","P","L","Q","R",1,1,1,1,0,0,137,135
"318",411,405,"a","a","g","syn","syn","syn","P","P","P","P",0,0,0,0,0,0,137,135
"319",412,406,"a","a","g","nonsyn","nonsyn","nonsyn","N","D","H","Y",1,1,1,0,0,0,138,136
"320",413,407,"a","a","g","nonsyn","nonsyn","nonsyn","N","S","T","I",0,0,1,0,0,0,138,136
"321",414,408,"t","t","c","syn","nonsyn","nonsyn","N","N","K","K",0,1,1,0,0,0,138,136
"322",415,409,"a","a","g","nonsyn","nonsyn","nonsyn","T","A","P","S",1,1,0,0,0,0,139,137
"323",416,410,"c","c","t","nonsyn","nonsyn","nonsyn","T","I","K","R",1,1,1,1,0,0,139,137
"324",417,411,"a","a","g","syn","syn","syn","T","T","T","T",0,0,0,0,0,0,139,137
"325",418,412,"a","a","g","nonsyn","nonsyn","nonsyn","T","A","P","S",1,1,0,0,0,0,140,138
"326",419,413,"c","c","t","nonsyn","nonsyn","nonsyn","T","I","K","R",1,1,1,1,0,0,140,138
"327",420,414,"a","a","g","syn","syn","syn","T","T","T","T",0,0,0,0,0,0,140,138
"328",421,415,"t","t","c","nonsyn","nonsyn","nonsyn","S","P","T","A",1,0,1,0,0,0,141,139
"329",422,416,"c","c","t","nonsyn","stop","stop","S","L","*","*",1,1,1,1,0,0,141,139
"330",423,417,"a","a","g","syn","syn","syn","S","S","S","S",0,0,0,0,0,0,141,139
"331",424,418,"a","a","g","nonsyn","nonsyn","nonsyn","T","A","P","S",1,1,0,0,0,0,142,140
"332",425,419,"c","c","t","nonsyn","nonsyn","nonsyn","T","I","K","R",1,1,1,1,0,0,142,140
"333",426,420,"a","a","g","syn","syn","syn","T","T","T","T",0,0,0,0,0,0,142,140
"334",427,421,"a","a","g","nonsyn","nonsyn","stop","K","E","Q","*",1,1,1,0,1,0,143,141
"335",428,422,"a","a","g","nonsyn","nonsyn","nonsyn","K","R","T","M",0,1,1,0,0,0,143,141
"336",429,423,"g","g","a","syn","nonsyn","nonsyn","K","K","N","N",0,1,1,0,0,0,143,141
"337",430,NA,"t","t","c","nonsyn","nonsyn","nonsyn","S","P","T","A",1,0,1,0,0,0,144,NA
"338",431,NA,"c","c","t","nonsyn","stop","stop","S","L","*","*",1,1,1,1,0,0,144,NA
"339",432,NA,"a","a","g","syn","syn","syn","S","S","S","S",0,0,0,0,0,0,144,NA
"340",433,424,"a","a","g","nonsyn","nonsyn","nonsyn","I","V","L","L",0,0,0,0,0,0,145,142
"341",434,425,"t","t","c","nonsyn","nonsyn","nonsyn","I","T","K","R",1,1,1,0,1,0,145,142
"342",435,426,"a","a","g","nonsyn","syn","syn","I","M","I","I",0,0,0,0,0,0,145,142
"343",436,427,"g","g","a","nonsyn","nonsyn","nonsyn","D","N","H","Y",1,1,1,0,0,0,146,143
"344",437,428,"a","a","g","nonsyn","nonsyn","nonsyn","D","G","A","V",1,1,1,0,0,0,146,143
"345",438,429,"c","c","t","syn","nonsyn","nonsyn","D","D","E","E",0,0,0,1,0,0,146,143
"346",439,430,"a","a","g","nonsyn","nonsyn","nonsyn","M","V","L","L",0,0,0,1,0,0,147,144
"347",440,431,"t","t","c","nonsyn","nonsyn","nonsyn","M","T","K","R",1,1,1,0,1,0,147,144
"348",441,432,"g","g","a","nonsyn","nonsyn","nonsyn","M","I","I","I",0,0,0,0,0,0,147,144
"349",442,433,"g","g","a","nonsyn","nonsyn","nonsyn","V","I","L","F",0,0,0,0,0,0,148,145
"350",443,434,"t","t","c","nonsyn","nonsyn","nonsyn","V","A","D","G",0,1,1,0,0,0,148,145
"351",444,435,"c","c","t","syn","syn","syn","V","V","V","V",0,0,0,1,0,0,148,145
"352",445,436,"a","a","g","nonsyn","nonsyn","nonsyn","N","D","H","Y",1,1,1,0,0,0,149,146
"353",446,437,"a","a","g","nonsyn","nonsyn","nonsyn","N","S","T","I",0,0,1,1,0,0,149,146
"354",447,438,"t","t","c","syn","nonsyn","nonsyn","N","N","K","K",0,1,1,0,0,0,149,146
"355",448,439,"g","g","a","nonsyn","nonsyn","stop","E","K","Q","*",1,1,1,0,1,0,150,147
"356",449,440,"a","a","g","nonsyn","nonsyn","nonsyn","E","G","A","V",1,1,1,0,0,0,150,147
"357",450,441,"g","g","a","syn","nonsyn","nonsyn","E","E","D","D",0,0,0,0,0,0,150,147
"358",451,442,"a","a","g","nonsyn","nonsyn","nonsyn","T","A","P","S",1,1,0,0,0,0,151,148
"359",452,443,"c","c","t","nonsyn","nonsyn","nonsyn","T","I","N","S",1,0,0,0,0,1,151,148
"360",453,444,"t","t","c","syn","syn","syn","T","T","T","T",0,0,0,0,1,0,151,148
"361",454,445,"a","a","g","nonsyn","nonsyn","nonsyn","S","G","R","C",1,1,1,0,0,0,152,149
"362",455,446,"g","g","a","nonsyn","nonsyn","nonsyn","S","N","T","I",0,0,1,0,0,0,152,149
"363",456,447,"t","t","c","syn","nonsyn","nonsyn","S","S","R","R",0,1,1,0,0,0,152,149
"364",457,448,"t","t","c","nonsyn","nonsyn","nonsyn","S","P","T","A",1,0,1,0,0,0,153,150
"365",458,449,"c","c","t","nonsyn","nonsyn","nonsyn","S","F","Y","C",1,1,1,0,0,1,153,150
"366",459,450,"t","t","c","syn","syn","syn","S","S","S","S",0,0,0,1,0,0,153,150
"367",460,451,"t","t","c","nonsyn","nonsyn","nonsyn","C","R","S","G",1,1,0,0,0,0,154,151
"368",461,452,"g","g","a","nonsyn","nonsyn","nonsyn","C","Y","S","F",1,1,1,0,0,0,154,151
"369",462,453,"t","t","c","syn","stop","nonsyn","C","C","*","W",0,1,1,0,0,0,154,151
"370",463,454,"a","a","g","nonsyn","nonsyn","nonsyn","I","V","L","L",0,0,0,0,0,0,155,152
"371",464,455,"t","t","c","nonsyn","nonsyn","nonsyn","I","T","K","R",1,1,1,0,1,0,155,152
"372",465,456,"a","a","g","nonsyn","syn","syn","I","M","I","I",0,0,0,0,0,0,155,152
"373",466,457,"g","g","a","nonsyn","nonsyn","nonsyn","V","I","L","F",0,0,0,0,0,0,156,153
"374",467,458,"t","t","c","nonsyn","nonsyn","nonsyn","V","A","D","G",0,1,1,0,0,0,156,153
"375",468,459,"t","t","c","syn","syn","syn","V","V","V","V",0,0,0,0,0,0,156,153
"376",469,460,"c","c","t","nonsyn","nonsyn","nonsyn","H","Y","N","D",1,1,1,1,0,0,157,154
"377",470,461,"a","a","g","nonsyn","nonsyn","nonsyn","H","R","P","L",0,1,1,1,0,0,157,154
"378",471,462,"t","t","c","syn","nonsyn","nonsyn","H","H","Q","Q",0,1,1,0,0,0,157,154
"379",472,463,"g","g","a","nonsyn","nonsyn","nonsyn","D","N","H","Y",1,1,1,0,0,0,158,155
"380",473,464,"a","a","g","nonsyn","nonsyn","nonsyn","D","G","A","V",1,1,1,0,0,0,158,155
"381",474,465,"t","t","c","syn","nonsyn","nonsyn","D","D","E","E",0,0,0,0,0,0,158,155
"382",475,466,"a","a","g","nonsyn","nonsyn","nonsyn","N","D","H","Y",1,1,1,0,0,0,159,156
"383",476,467,"a","a","g","nonsyn","nonsyn","nonsyn","N","S","T","I",0,0,1,0,0,0,159,156
"384",477,468,"t","t","c","syn","nonsyn","nonsyn","N","N","K","K",0,1,1,1,0,0,159,156
"385",478,469,"t","t","c","nonsyn","nonsyn","nonsyn","C","R","S","G",1,1,0,0,0,0,160,157
"386",479,470,"g","g","a","nonsyn","nonsyn","nonsyn","C","Y","S","F",1,1,1,0,0,0,160,157
"387",480,471,"c","c","t","syn","stop","nonsyn","C","C","*","W",0,1,1,1,0,0,160,157
"388",481,472,"a","a","g","nonsyn","nonsyn","nonsyn","T","A","P","S",1,1,0,0,0,0,161,158
"389",482,473,"c","c","t","nonsyn","nonsyn","nonsyn","T","I","K","R",1,1,1,1,1,0,161,158
"390",483,474,"a","a","g","syn","syn","syn","T","T","T","T",0,0,0,0,1,0,161,158
"391",484,475,"g","g","a","nonsyn","nonsyn","nonsyn","G","S","R","C",1,1,0,0,0,0,162,159
"392",485,476,"g","g","a","nonsyn","nonsyn","nonsyn","G","D","A","V",1,1,1,0,0,0,162,159
"393",486,477,"c","c","t","syn","syn","syn","G","G","G","G",0,0,0,0,0,1,162,159
"394",487,478,"t","t","c","syn","nonsyn","nonsyn","L","L","M","V",0,0,0,1,0,0,163,160
"395",488,479,"t","t","c","nonsyn","stop","nonsyn","L","S","*","W",1,1,0,0,1,0,163,160
"396",489,480,"g","g","a","syn","nonsyn","nonsyn","L","L","F","F",0,0,0,0,0,0,163,160
"397",490,481,"g","g","a","nonsyn","nonsyn","stop","E","K","Q","*",1,1,1,0,0,0,164,161
"398",491,482,"a","a","g","nonsyn","nonsyn","nonsyn","E","G","A","V",1,1,1,0,0,0,164,161
"399",492,483,"a","a","g","syn","nonsyn","nonsyn","E","E","D","D",0,0,0,0,0,0,164,161
"400",493,484,"c","c","t","stop","nonsyn","nonsyn","Q","*","K","E",1,1,1,1,0,0,165,162
"401",494,485,"a","a","g","nonsyn","nonsyn","nonsyn","Q","R","P","L",1,1,1,0,1,0,165,162
"402",495,486,"a","a","g","syn","nonsyn","nonsyn","Q","Q","H","H",0,1,1,0,0,0,165,162
"403",496,487,"g","g","a","nonsyn","nonsyn","stop","E","K","Q","*",1,1,1,0,1,0,166,163
"404",497,488,"a","a","g","nonsyn","nonsyn","nonsyn","E","G","A","V",1,1,1,0,0,0,166,163
"405",498,489,"g","g","a","syn","nonsyn","nonsyn","E","E","D","D",0,0,0,0,0,0,166,163
"406",499,490,"c","c","t","stop","nonsyn","nonsyn","Q","*","K","E",1,1,1,1,0,0,167,164
"407",500,491,"a","a","g","nonsyn","nonsyn","nonsyn","Q","R","P","L",1,1,1,0,0,0,167,164
"408",501,492,"a","a","g","syn","nonsyn","nonsyn","Q","Q","H","H",0,1,1,0,0,0,167,164
"409",502,493,"a","a","g","nonsyn","nonsyn","nonsyn","M","V","L","L",0,0,0,1,0,0,168,165
"410",503,494,"t","t","c","nonsyn","nonsyn","nonsyn","M","T","K","R",1,1,1,0,0,0,168,165
"411",504,495,"g","g","a","nonsyn","nonsyn","nonsyn","M","I","I","I",0,0,0,0,0,0,168,165
"412",505,496,"a","a","g","nonsyn","nonsyn","nonsyn","I","V","L","L",0,0,0,0,0,0,169,166
"413",506,497,"t","t","c","nonsyn","nonsyn","nonsyn","I","T","K","R",1,1,1,0,1,0,169,166
"414",507,498,"a","a","g","nonsyn","syn","syn","I","M","I","I",0,0,0,0,1,0,169,166
"415",508,499,"g","g","a","nonsyn","nonsyn","nonsyn","G","S","R","C",1,1,0,0,0,0,170,167
"416",509,500,"g","g","a","nonsyn","nonsyn","nonsyn","G","D","A","V",1,1,1,0,0,0,170,167
"417",510,501,"c","c","t","syn","syn","syn","G","G","G","G",0,0,0,1,0,1,170,167
"418",511,502,"t","t","c","nonsyn","nonsyn","nonsyn","C","R","S","G",1,1,0,0,0,0,171,168
"419",512,503,"g","g","a","nonsyn","nonsyn","nonsyn","C","Y","S","F",1,1,1,0,0,0,171,168
"420",513,504,"t","t","c","syn","stop","nonsyn","C","C","*","W",0,1,1,0,0,0,171,168
"421",514,505,"a","a","g","nonsyn","nonsyn","stop","K","E","Q","*",1,1,1,0,0,0,172,169
"422",515,506,"a","a","g","nonsyn","nonsyn","nonsyn","K","R","T","I",0,1,1,0,0,0,172,169
"423",516,507,"a","a","g","syn","nonsyn","nonsyn","K","K","N","N",0,1,1,0,0,0,172,169
"424",517,508,"t","t","c","nonsyn","nonsyn","nonsyn","F","L","I","V",0,0,0,0,0,0,173,170
"425",518,509,"t","t","c","nonsyn","nonsyn","nonsyn","F","S","Y","C",1,0,1,0,0,0,173,170
"426",519,510,"c","c","t","syn","nonsyn","nonsyn","F","F","L","L",0,0,0,1,0,0,173,170
"427",520,511,"a","a","g","nonsyn","nonsyn","nonsyn","N","D","H","Y",1,1,1,0,0,0,174,171
"428",521,512,"a","a","g","nonsyn","nonsyn","nonsyn","N","S","T","I",0,0,1,0,0,0,174,171
"429",522,513,"c","c","t","syn","nonsyn","nonsyn","N","N","K","K",0,1,1,1,0,0,174,171
"430",523,514,"a","a","g","nonsyn","nonsyn","nonsyn","M","V","L","L",0,0,0,1,0,0,175,172
"431",524,515,"t","t","c","nonsyn","nonsyn","nonsyn","M","T","K","R",1,1,1,0,0,0,175,172
"432",525,516,"g","g","a","nonsyn","nonsyn","nonsyn","M","I","I","I",0,0,0,0,0,0,175,172
"433",526,517,"a","a","g","nonsyn","nonsyn","nonsyn","T","A","P","S",1,1,0,0,0,0,176,173
"434",527,518,"c","c","t","nonsyn","nonsyn","nonsyn","T","I","K","R",1,1,1,1,1,0,176,173
"435",528,519,"a","a","g","syn","syn","syn","T","T","T","T",0,0,0,0,1,0,176,173
"436",529,520,"g","g","a","nonsyn","nonsyn","nonsyn","G","R","R","W",1,1,1,0,1,0,177,174
"437",530,521,"g","g","a","nonsyn","nonsyn","nonsyn","G","E","A","V",1,1,1,0,0,0,177,174
"438",531,522,"g","g","a","syn","syn","syn","G","G","G","G",0,0,0,0,0,0,177,174
"439",532,523,"t","t","c","syn","nonsyn","nonsyn","L","L","I","V",0,0,0,0,0,0,178,175
"440",533,524,"t","t","c","nonsyn","stop","stop","L","S","*","*",1,1,1,0,0,0,178,175
"441",534,525,"a","a","g","syn","nonsyn","nonsyn","L","L","F","F",0,0,0,0,0,0,178,175
"442",535,526,"a","a","g","nonsyn","nonsyn","stop","K","E","Q","*",1,1,1,0,0,0,179,176
"443",536,527,"a","a","g","nonsyn","nonsyn","nonsyn","K","R","T","I",0,1,1,0,0,0,179,176
"444",537,528,"a","a","g","syn","nonsyn","nonsyn","K","K","N","N",0,1,1,0,1,0,179,176
"445",538,529,"a","a","g","nonsyn","syn","stop","R","G","R","*",1,0,1,0,0,0,180,177
"446",539,530,"g","g","a","nonsyn","nonsyn","nonsyn","R","K","T","I",0,1,1,0,1,0,180,177
"447",540,531,"a","a","g","syn","nonsyn","nonsyn","R","R","S","S",0,1,1,0,0,0,180,177
"448",541,532,"g","g","a","nonsyn","nonsyn","nonsyn","D","N","H","Y",1,1,1,0,0,0,181,178
"449",542,533,"a","a","g","nonsyn","nonsyn","nonsyn","D","G","A","V",1,1,1,0,0,0,181,178
"450",543,534,"c","c","t","syn","nonsyn","nonsyn","D","D","E","E",0,0,0,1,0,0,181,178
"451",544,535,"a","a","g","nonsyn","nonsyn","stop","K","E","Q","*",1,1,1,0,1,0,182,179
"452",545,536,"a","a","g","nonsyn","nonsyn","nonsyn","K","R","T","M",0,1,1,0,0,0,182,179
"453",546,537,"g","g","a","syn","nonsyn","nonsyn","K","K","N","N",0,1,1,0,0,0,182,179
"454",547,538,"a","a","g","nonsyn","nonsyn","nonsyn","T","A","P","S",1,1,0,0,0,0,183,180
"455",548,539,"c","c","t","nonsyn","nonsyn","nonsyn","T","I","K","R",1,1,1,1,0,0,183,180
"456",549,540,"a","a","g","syn","syn","syn","T","T","T","T",0,0,0,0,0,0,183,180
"457",550,541,"a","a","g","nonsyn","nonsyn","stop","K","E","Q","*",1,1,1,0,1,0,184,181
"458",551,542,"a","a","g","nonsyn","nonsyn","nonsyn","K","R","T","M",0,1,1,0,1,0,184,181
"459",552,543,"g","g","a","syn","nonsyn","nonsyn","K","K","N","N",0,1,1,0,0,0,184,181
"460",553,544,"g","g","a","nonsyn","nonsyn","stop","E","K","Q","*",1,1,1,0,1,0,185,182
"461",554,545,"a","a","g","nonsyn","nonsyn","nonsyn","E","G","A","V",1,1,1,0,0,0,185,182
"462",555,546,"g","g","a","syn","nonsyn","nonsyn","E","E","D","D",0,0,0,0,0,0,185,182
"463",556,547,"t","t","c","nonsyn","nonsyn","nonsyn","Y","H","N","D",1,1,1,0,0,0,186,183
"464",557,548,"a","a","g","nonsyn","nonsyn","nonsyn","Y","C","S","F",1,1,0,0,0,0,186,183
"465",558,549,"c","c","t","syn","stop","stop","Y","Y","*","*",0,1,1,1,0,0,186,183
"466",559,550,"a","a","g","nonsyn","nonsyn","nonsyn","N","D","H","Y",1,1,1,0,0,0,187,184
"467",560,551,"a","a","g","nonsyn","nonsyn","nonsyn","N","S","T","I",0,0,1,1,0,0,187,184
"468",561,552,"t","t","c","syn","nonsyn","nonsyn","N","N","K","K",0,1,1,0,0,0,187,184
"469",562,553,"g","g","a","nonsyn","nonsyn","stop","E","K","Q","*",1,1,1,0,0,0,188,185
"470",563,554,"a","a","g","nonsyn","nonsyn","nonsyn","E","G","A","V",1,1,1,0,0,0,188,185
"471",564,555,"a","a","g","syn","nonsyn","nonsyn","E","E","D","D",0,0,0,0,0,0,188,185
"472",565,556,"a","a","g","nonsyn","nonsyn","nonsyn","T","A","P","S",1,1,0,0,0,0,189,186
"473",566,557,"c","c","t","nonsyn","nonsyn","nonsyn","T","I","N","S",1,0,0,0,0,1,189,186
"474",567,558,"t","t","c","syn","syn","syn","T","T","T","T",0,0,0,1,0,0,189,186
"475",568,559,"t","t","c","nonsyn","nonsyn","nonsyn","W","R","R","G",1,1,1,0,1,0,190,187
"476",569,560,"g","g","a","stop","nonsyn","nonsyn","W","*","S","L",1,1,0,0,0,0,190,187
"477",570,561,"g","g","a","stop","nonsyn","nonsyn","W","*","C","C",1,1,1,0,0,0,190,187
"478",571,562,"t","t","c","nonsyn","nonsyn","nonsyn","Y","H","N","D",1,1,1,0,0,0,191,188
"479",572,563,"a","a","g","nonsyn","nonsyn","nonsyn","Y","C","S","F",1,1,0,0,0,0,191,188
"480",573,564,"c","c","t","syn","stop","stop","Y","Y","*","*",0,1,1,0,0,1,191,188
"481",574,565,"t","t","c","nonsyn","nonsyn","nonsyn","S","P","T","A",1,0,1,0,0,0,192,189
"482",575,566,"c","c","t","nonsyn","nonsyn","nonsyn","S","F","Y","C",1,1,1,0,0,1,192,189
"483",576,567,"t","t","c","syn","syn","syn","S","S","S","S",0,0,0,0,0,0,192,189
"484",577,568,"a","a","g","nonsyn","nonsyn","nonsyn","T","A","P","S",1,1,0,0,0,0,193,190
"485",578,569,"c","c","t","nonsyn","nonsyn","nonsyn","T","I","K","R",1,1,1,1,1,0,193,190
"486",579,570,"a","a","g","syn","syn","syn","T","T","T","T",0,0,0,0,0,0,193,190
"487",580,571,"g","g","a","nonsyn","nonsyn","nonsyn","D","N","H","Y",1,1,1,0,0,0,194,191
"488",581,572,"a","a","g","nonsyn","nonsyn","nonsyn","D","G","A","V",1,1,1,0,0,0,194,191
"489",582,573,"t","t","c","syn","nonsyn","nonsyn","D","D","E","E",0,0,0,0,0,0,194,191
"490",583,574,"t","t","c","syn","nonsyn","nonsyn","L","L","M","V",0,0,0,1,0,0,195,192
"491",584,575,"t","t","c","nonsyn","stop","nonsyn","L","S","*","W",1,1,0,0,1,0,195,192
"492",585,576,"g","g","a","syn","nonsyn","nonsyn","L","L","F","F",0,0,0,0,0,0,195,192
"493",586,577,"g","g","a","nonsyn","nonsyn","nonsyn","V","I","L","F",0,0,0,0,0,0,196,193
"494",587,578,"t","t","c","nonsyn","nonsyn","nonsyn","V","A","D","G",0,1,1,0,0,0,196,193
"495",588,579,"t","t","c","syn","syn","syn","V","V","V","V",0,0,0,1,0,0,196,193
"496",589,580,"t","t","c","nonsyn","nonsyn","nonsyn","C","R","S","G",1,1,0,0,0,0,197,194
"497",590,581,"g","g","a","nonsyn","nonsyn","nonsyn","C","Y","S","F",1,1,1,1,0,0,197,194
"498",591,582,"t","t","c","syn","stop","nonsyn","C","C","*","W",0,1,1,0,0,0,197,194
"499",592,583,"g","g","a","nonsyn","nonsyn","stop","E","K","Q","*",1,1,1,0,0,0,198,195
"500",593,584,"a","a","g","nonsyn","nonsyn","nonsyn","E","G","A","V",1,1,1,0,0,0,198,195
"501",594,585,"a","a","g","syn","nonsyn","nonsyn","E","E","D","D",0,0,0,0,0,0,198,195
"502",595,586,"c","c","t","stop","nonsyn","nonsyn","Q","*","K","E",1,1,1,1,0,0,199,196
"503",596,587,"a","a","g","nonsyn","nonsyn","nonsyn","Q","R","P","L",1,1,1,0,1,0,199,196
"504",597,588,"a","a","g","syn","nonsyn","nonsyn","Q","Q","H","H",0,1,1,0,1,0,199,196
"505",598,589,"g","g","a","nonsyn","nonsyn","nonsyn","G","R","R","W",1,1,1,0,1,0,200,197
"506",599,590,"g","g","a","nonsyn","nonsyn","nonsyn","G","E","A","V",1,1,1,0,0,0,200,197
"507",600,591,"g","g","a","syn","syn","syn","G","G","G","G",0,0,0,0,0,0,200,197
"508",601,592,"a","a","g","nonsyn","nonsyn","nonsyn","N","D","H","Y",1,1,1,0,0,0,201,198
"509",602,593,"a","a","g","nonsyn","nonsyn","nonsyn","N","S","T","I",0,0,1,0,0,0,201,198
"510",603,594,"t","t","c","syn","nonsyn","nonsyn","N","N","K","K",0,1,1,0,1,0,201,198
"511",604,595,"a","a","g","nonsyn","nonsyn","nonsyn","S","G","R","C",1,1,1,0,0,0,202,199
"512",605,596,"g","g","a","nonsyn","nonsyn","nonsyn","S","N","T","I",0,0,1,0,0,0,202,199
"513",606,597,"c","c","t","syn","nonsyn","nonsyn","S","S","R","R",0,1,1,1,0,0,202,199
"514",607,598,"a","a","g","nonsyn","nonsyn","nonsyn","T","A","P","S",1,1,0,0,0,0,203,200
"515",608,599,"c","c","t","nonsyn","nonsyn","nonsyn","T","I","N","S",1,0,0,1,0,1,203,200
"516",609,600,"t","t","c","syn","syn","syn","T","T","T","T",0,0,0,0,0,0,203,200
"517",610,601,"g","g","a","nonsyn","nonsyn","nonsyn","D","N","H","Y",1,1,1,0,0,0,204,201
"518",611,602,"a","a","g","nonsyn","nonsyn","nonsyn","D","G","A","V",1,1,1,0,0,0,204,201
"519",612,603,"t","t","c","syn","nonsyn","nonsyn","D","D","E","E",0,0,0,0,0,0,204,201
"520",613,604,"a","a","g","nonsyn","nonsyn","nonsyn","N","D","H","Y",1,1,1,0,0,0,205,202
"521",614,605,"a","a","g","nonsyn","nonsyn","nonsyn","N","S","T","I",0,0,1,1,0,0,205,202
"522",615,606,"t","t","c","syn","nonsyn","nonsyn","N","N","K","K",0,1,1,0,0,0,205,202
"523",616,607,"g","g","a","nonsyn","nonsyn","stop","E","K","Q","*",1,1,1,0,0,0,206,203
"524",617,608,"a","a","g","nonsyn","nonsyn","nonsyn","E","G","A","V",1,1,1,0,0,0,206,203
"525",618,609,"a","a","g","syn","nonsyn","nonsyn","E","E","D","D",0,0,0,0,1,0,206,203
"526",619,610,"a","a","g","nonsyn","nonsyn","nonsyn","S","G","R","C",1,1,1,0,0,0,207,204
"527",620,611,"g","g","a","nonsyn","nonsyn","nonsyn","S","N","T","I",0,0,1,0,0,0,207,204
"528",621,612,"t","t","c","syn","nonsyn","nonsyn","S","S","R","R",0,1,1,0,1,0,207,204
"529",622,613,"a","a","g","nonsyn","syn","stop","R","G","R","*",1,0,1,0,0,0,208,205
"530",623,614,"g","g","a","nonsyn","nonsyn","nonsyn","R","K","T","I",0,1,1,0,0,0,208,205
"531",624,615,"a","a","g","syn","nonsyn","nonsyn","R","R","S","S",0,1,1,1,0,0,208,205
"532",625,616,"t","t","c","nonsyn","nonsyn","nonsyn","C","R","S","G",1,1,0,0,0,0,209,206
"533",626,617,"g","g","a","nonsyn","nonsyn","nonsyn","C","Y","S","F",1,1,1,0,0,0,209,206
"534",627,618,"t","t","c","syn","stop","nonsyn","C","C","*","W",0,1,1,0,0,0,209,206
"535",628,619,"t","t","c","nonsyn","nonsyn","nonsyn","Y","H","N","D",1,1,1,0,0,0,210,207
"536",629,620,"a","a","g","nonsyn","nonsyn","nonsyn","Y","C","S","F",1,1,0,0,0,0,210,207
"537",630,621,"c","c","t","syn","stop","stop","Y","Y","*","*",0,1,1,1,0,0,210,207
"538",631,622,"a","a","g","nonsyn","nonsyn","nonsyn","M","V","L","L",0,0,0,1,0,0,211,208
"539",632,623,"t","t","c","nonsyn","nonsyn","nonsyn","M","T","K","R",1,1,1,0,0,0,211,208
"540",633,624,"g","g","a","nonsyn","nonsyn","nonsyn","M","I","I","I",0,0,0,0,0,0,211,208
"541",634,625,"a","a","g","nonsyn","nonsyn","nonsyn","N","D","H","Y",1,1,1,0,0,0,212,209
"542",635,626,"a","a","g","nonsyn","nonsyn","nonsyn","N","S","T","I",0,0,1,0,0,0,212,209
"543",636,627,"t","t","c","syn","nonsyn","nonsyn","N","N","K","K",0,1,1,0,0,0,212,209
"544",637,628,"c","c","t","nonsyn","nonsyn","nonsyn","H","Y","N","D",1,1,1,1,0,0,213,210
"545",638,629,"a","a","g","nonsyn","nonsyn","nonsyn","H","R","P","L",0,1,1,0,0,0,213,210
"546",639,630,"c","c","t","syn","nonsyn","nonsyn","H","H","Q","Q",0,1,1,1,0,1,213,210
"547",640,631,"t","t","c","nonsyn","nonsyn","nonsyn","C","R","S","G",1,1,0,0,0,0,214,211
"548",641,632,"g","g","a","nonsyn","nonsyn","nonsyn","C","Y","S","F",1,1,1,0,0,0,214,211
"549",642,633,"t","t","c","syn","stop","nonsyn","C","C","*","W",0,1,1,0,0,0,214,211
"550",643,634,"a","a","g","nonsyn","nonsyn","nonsyn","N","D","H","Y",1,1,1,0,0,0,215,212
"551",644,635,"a","a","g","nonsyn","nonsyn","nonsyn","N","S","T","I",0,0,1,0,0,0,215,212
"552",645,636,"c","c","t","syn","nonsyn","nonsyn","N","N","K","K",0,1,1,1,0,0,215,212
"553",646,637,"a","a","g","nonsyn","nonsyn","nonsyn","T","A","P","S",1,1,0,0,0,0,216,213
"554",647,638,"c","c","t","nonsyn","nonsyn","nonsyn","T","I","N","S",1,0,0,0,0,1,216,213
"555",648,639,"t","t","c","syn","syn","syn","T","T","T","T",0,0,0,0,0,0,216,213
"556",649,640,"t","t","c","nonsyn","nonsyn","nonsyn","S","P","T","A",1,0,1,0,0,0,217,214
"557",650,641,"c","c","t","nonsyn","nonsyn","nonsyn","S","F","Y","C",1,1,1,0,0,1,217,214
"558",651,642,"t","t","c","syn","syn","syn","S","S","S","S",0,0,0,0,0,0,217,214
"559",652,643,"a","a","g","nonsyn","nonsyn","nonsyn","I","V","L","F",0,0,0,0,0,0,218,215
"560",653,644,"t","t","c","nonsyn","nonsyn","nonsyn","I","T","N","S",1,1,1,0,0,0,218,215
"561",654,645,"t","t","c","syn","syn","nonsyn","I","I","I","M",0,0,0,0,0,0,218,215
"562",655,646,"a","a","g","nonsyn","nonsyn","nonsyn","I","V","L","F",0,0,0,0,0,0,219,216
"563",656,647,"t","t","c","nonsyn","nonsyn","nonsyn","I","T","N","S",1,1,1,0,0,0,219,216
"564",657,648,"c","c","t","syn","syn","nonsyn","I","I","I","M",0,0,0,0,0,1,219,216
"565",658,649,"c","c","t","stop","nonsyn","nonsyn","Q","*","K","E",1,1,1,1,0,0,220,217
"566",659,650,"a","a","g","nonsyn","nonsyn","nonsyn","Q","R","P","L",1,1,1,0,1,0,220,217
"567",660,651,"a","a","g","syn","nonsyn","nonsyn","Q","Q","H","H",0,1,1,0,0,0,220,217
"568",661,652,"g","g","a","nonsyn","nonsyn","stop","E","K","Q","*",1,1,1,0,1,0,221,218
"569",662,653,"a","a","g","nonsyn","nonsyn","nonsyn","E","G","A","V",1,1,1,0,0,0,221,218
"570",663,654,"g","g","a","syn","nonsyn","nonsyn","E","E","D","D",0,0,0,0,0,0,221,218
"571",664,655,"t","t","c","nonsyn","nonsyn","nonsyn","S","P","T","A",1,0,1,0,0,0,222,219
"572",665,656,"c","c","t","nonsyn","nonsyn","nonsyn","S","F","Y","C",1,1,1,0,0,1,222,219
"573",666,657,"t","t","c","syn","syn","syn","S","S","S","S",0,0,0,1,0,0,222,219
"574",667,658,"t","t","c","nonsyn","nonsyn","nonsyn","C","R","S","G",1,1,0,0,0,0,223,220
"575",668,659,"g","g","a","nonsyn","nonsyn","nonsyn","C","Y","S","F",1,1,1,1,0,0,223,220
"576",669,660,"t","t","c","syn","stop","nonsyn","C","C","*","W",0,1,1,0,0,0,223,220
"577",670,661,"g","g","a","nonsyn","nonsyn","nonsyn","D","N","H","Y",1,1,1,0,0,0,224,221
"578",671,662,"a","a","g","nonsyn","nonsyn","nonsyn","D","G","A","V",1,1,1,0,0,0,224,221
"579",672,663,"c","c","t","syn","nonsyn","nonsyn","D","D","E","E",0,0,0,1,0,0,224,221
"580",673,664,"a","a","g","nonsyn","nonsyn","stop","K","E","Q","*",1,1,1,0,1,0,225,222
"581",674,665,"a","a","g","nonsyn","nonsyn","nonsyn","K","R","T","M",0,1,1,0,0,0,225,222
"582",675,666,"g","g","a","syn","nonsyn","nonsyn","K","K","N","N",0,1,1,0,0,0,225,222
"583",676,667,"c","c","t","nonsyn","nonsyn","nonsyn","H","Y","N","D",1,1,1,1,0,0,226,223
"584",677,668,"a","a","g","nonsyn","nonsyn","nonsyn","H","R","P","L",0,1,1,0,0,0,226,223
"585",678,669,"t","t","c","syn","nonsyn","nonsyn","H","H","Q","Q",0,1,1,0,0,0,226,223
"586",679,670,"t","t","c","nonsyn","nonsyn","nonsyn","Y","H","N","D",1,1,1,0,0,0,227,224
"587",680,671,"a","a","g","nonsyn","nonsyn","nonsyn","Y","C","S","F",1,1,0,0,0,0,227,224
"588",681,672,"t","t","c","syn","stop","stop","Y","Y","*","*",0,1,1,1,0,0,227,224
"589",682,673,"t","t","c","nonsyn","nonsyn","nonsyn","W","R","R","G",1,1,1,0,1,0,228,225
"590",683,674,"g","g","a","stop","nonsyn","nonsyn","W","*","S","L",1,1,0,0,1,0,228,225
"591",684,675,"g","g","a","stop","nonsyn","nonsyn","W","*","C","C",1,1,1,0,0,0,228,225
"592",685,676,"g","g","a","nonsyn","nonsyn","nonsyn","D","N","H","Y",1,1,1,0,0,0,229,226
"593",686,677,"a","a","g","nonsyn","nonsyn","nonsyn","D","G","A","V",1,1,1,0,0,0,229,226
"594",687,678,"t","t","c","syn","nonsyn","nonsyn","D","D","E","E",0,0,0,0,0,0,229,226
"595",688,679,"a","a","g","nonsyn","nonsyn","nonsyn","T","A","P","S",1,1,0,0,0,0,230,227
"596",689,680,"c","c","t","nonsyn","nonsyn","nonsyn","T","I","N","S",1,0,0,0,0,1,230,227
"597",690,681,"t","t","c","syn","syn","syn","T","T","T","T",0,0,0,0,0,0,230,227
"598",691,682,"a","a","g","nonsyn","nonsyn","nonsyn","I","V","L","F",0,0,0,0,0,0,231,228
"599",692,683,"t","t","c","nonsyn","nonsyn","nonsyn","I","T","N","S",1,1,1,0,0,0,231,228
"600",693,684,"t","t","c","syn","syn","nonsyn","I","I","I","M",0,0,0,0,1,0,231,228
"601",694,685,"a","a","g","nonsyn","syn","stop","R","G","R","*",1,0,1,0,0,0,232,229
"602",695,686,"g","g","a","nonsyn","nonsyn","nonsyn","R","K","T","I",0,1,1,0,0,0,232,229
"603",696,687,"a","a","g","syn","nonsyn","nonsyn","R","R","S","S",0,1,1,0,0,0,232,229
"604",697,688,"t","t","c","nonsyn","nonsyn","nonsyn","F","L","I","V",0,0,0,0,0,0,233,230
"605",698,689,"t","t","c","nonsyn","nonsyn","nonsyn","F","S","Y","C",1,0,1,0,0,0,233,230
"606",699,690,"t","t","c","syn","nonsyn","nonsyn","F","F","L","L",0,0,0,0,1,0,233,230
"607",700,691,"a","a","g","nonsyn","syn","nonsyn","R","G","R","W",1,0,1,0,1,0,234,231
"608",701,692,"g","g","a","nonsyn","nonsyn","nonsyn","R","K","T","M",0,1,1,0,0,0,234,231
"609",702,693,"g","g","a","syn","nonsyn","nonsyn","R","R","S","S",0,1,1,0,0,0,234,231
"610",703,694,"t","t","c","nonsyn","nonsyn","nonsyn","Y","H","N","D",1,1,1,0,0,0,235,232
"611",704,695,"a","a","g","nonsyn","nonsyn","nonsyn","Y","C","S","F",1,1,0,0,0,0,235,232
"612",705,696,"t","t","c","syn","stop","stop","Y","Y","*","*",0,1,1,1,0,0,235,232
"613",706,697,"t","t","c","nonsyn","nonsyn","nonsyn","C","R","S","G",1,1,0,0,0,0,236,233
"614",707,698,"g","g","a","nonsyn","nonsyn","nonsyn","C","Y","S","F",1,1,1,1,0,0,236,233
"615",708,699,"t","t","c","syn","stop","nonsyn","C","C","*","W",0,1,1,0,0,0,236,233
"616",709,700,"g","g","a","nonsyn","nonsyn","nonsyn","A","T","P","S",1,1,1,0,0,0,237,234
"617",710,701,"c","c","t","nonsyn","nonsyn","nonsyn","A","V","E","G",0,1,1,1,0,0,237,234
"618",711,702,"a","a","g","syn","syn","syn","A","A","A","A",0,0,0,0,0,0,237,234
"619",712,703,"c","c","t","nonsyn","nonsyn","nonsyn","P","S","T","A",1,1,1,0,0,1,238,235
"620",713,704,"c","c","t","nonsyn","nonsyn","nonsyn","P","L","H","R",1,1,1,0,0,1,238,235
"621",714,705,"t","t","c","syn","syn","syn","P","P","P","P",0,0,0,0,0,0,238,235
"622",715,706,"c","c","t","nonsyn","nonsyn","nonsyn","P","S","T","A",1,1,1,0,0,1,239,236
"623",716,707,"c","c","t","nonsyn","nonsyn","nonsyn","P","L","Q","R",1,1,1,1,1,0,239,236
"624",717,708,"a","a","g","syn","syn","syn","P","P","P","P",0,0,0,0,1,0,239,236
"625",718,709,"g","g","a","nonsyn","nonsyn","nonsyn","G","S","R","C",1,1,0,0,0,0,240,237
"626",719,710,"g","g","a","nonsyn","nonsyn","nonsyn","G","D","A","V",1,1,1,0,0,0,240,237
"627",720,711,"t","t","c","syn","syn","syn","G","G","G","G",0,0,0,0,0,0,240,237
"628",721,712,"t","t","c","nonsyn","nonsyn","nonsyn","Y","H","N","D",1,1,1,0,0,0,241,238
"629",722,713,"a","a","g","nonsyn","nonsyn","nonsyn","Y","C","S","F",1,1,0,1,0,0,241,238
"630",723,714,"t","t","c","syn","stop","stop","Y","Y","*","*",0,1,1,0,0,0,241,238
"631",724,715,"g","g","a","nonsyn","nonsyn","nonsyn","A","T","P","S",1,1,1,0,0,0,242,239
"632",725,716,"c","c","t","nonsyn","nonsyn","nonsyn","A","V","D","G",0,1,1,0,0,1,242,239
"633",726,717,"t","t","c","syn","syn","syn","A","A","A","A",0,0,0,0,0,0,242,239
"634",727,718,"t","t","c","syn","nonsyn","nonsyn","L","L","M","V",0,0,0,1,0,0,243,240
"635",728,719,"t","t","c","nonsyn","stop","nonsyn","L","S","*","W",1,1,0,0,0,0,243,240
"636",729,720,"g","g","a","syn","nonsyn","nonsyn","L","L","F","F",0,0,0,0,0,0,243,240
"637",730,721,"c","c","t","nonsyn","nonsyn","nonsyn","L","F","I","V",0,0,0,0,0,1,244,241
"638",731,722,"t","t","c","nonsyn","nonsyn","nonsyn","L","P","H","R",1,1,1,0,0,0,244,241
"639",732,723,"t","t","c","syn","syn","syn","L","L","L","L",0,0,0,0,1,0,244,241
"640",733,724,"a","a","g","nonsyn","syn","stop","R","G","R","*",1,0,1,0,0,0,245,242
"641",734,725,"g","g","a","nonsyn","nonsyn","nonsyn","R","K","T","I",0,1,1,0,0,0,245,242
"642",735,726,"a","a","g","syn","nonsyn","nonsyn","R","R","S","S",0,1,1,1,0,0,245,242
"643",736,727,"t","t","c","nonsyn","nonsyn","nonsyn","C","R","S","G",1,1,0,0,0,0,246,243
"644",737,728,"g","g","a","nonsyn","nonsyn","nonsyn","C","Y","S","F",1,1,1,0,0,0,246,243
"645",738,729,"t","t","c","syn","stop","nonsyn","C","C","*","W",0,1,1,0,0,0,246,243
"646",739,730,"a","a","g","nonsyn","nonsyn","nonsyn","N","D","H","Y",1,1,1,0,0,0,247,244
"647",740,731,"a","a","g","nonsyn","nonsyn","nonsyn","N","S","T","I",0,0,1,1,0,0,247,244
"648",741,732,"t","t","c","syn","nonsyn","nonsyn","N","N","K","K",0,1,1,0,0,0,247,244
"649",742,733,"g","g","a","nonsyn","nonsyn","nonsyn","D","N","H","Y",1,1,1,0,0,0,248,245
"650",743,734,"a","a","g","nonsyn","nonsyn","nonsyn","D","G","A","V",1,1,1,0,0,0,248,245
"651",744,735,"c","c","t","syn","nonsyn","nonsyn","D","D","E","E",0,0,0,1,0,0,248,245
"652",745,736,"a","a","g","nonsyn","nonsyn","nonsyn","T","A","P","S",1,1,0,0,0,0,249,246
"653",746,737,"c","c","t","nonsyn","nonsyn","nonsyn","T","I","K","R",1,1,1,1,0,0,249,246
"654",747,738,"a","a","g","syn","syn","syn","T","T","T","T",0,0,0,0,0,0,249,246
"655",748,739,"a","a","g","nonsyn","nonsyn","nonsyn","N","D","H","Y",1,1,1,0,0,0,250,247
"656",749,740,"a","a","g","nonsyn","nonsyn","nonsyn","N","S","T","I",0,0,1,0,0,0,250,247
"657",750,741,"t","t","c","syn","nonsyn","nonsyn","N","N","K","K",0,1,1,0,0,0,250,247
"658",751,742,"t","t","c","nonsyn","nonsyn","nonsyn","Y","H","N","D",1,1,1,0,0,0,251,248
"659",752,743,"a","a","g","nonsyn","nonsyn","nonsyn","Y","C","S","F",1,1,0,0,0,0,251,248
"660",753,744,"t","t","c","syn","stop","stop","Y","Y","*","*",0,1,1,0,0,0,251,248
"661",754,745,"t","t","c","nonsyn","nonsyn","nonsyn","S","P","T","A",1,0,1,0,0,0,252,249
"662",755,746,"c","c","t","nonsyn","stop","stop","S","L","*","*",1,1,1,1,1,0,252,249
"663",756,747,"a","a","g","syn","syn","syn","S","S","S","S",0,0,0,0,1,0,252,249
"664",757,748,"g","g","a","nonsyn","nonsyn","nonsyn","G","S","R","C",1,1,0,0,0,0,253,250
"665",758,749,"g","g","a","nonsyn","nonsyn","nonsyn","G","D","A","V",1,1,1,0,0,0,253,250
"666",759,750,"c","c","t","syn","syn","syn","G","G","G","G",0,0,0,0,0,1,253,250
"667",760,751,"t","t","c","nonsyn","nonsyn","nonsyn","F","L","I","V",0,0,0,0,0,0,254,251
"668",761,752,"t","t","c","nonsyn","nonsyn","nonsyn","F","S","Y","C",1,0,1,0,0,0,254,251
"669",762,753,"t","t","c","syn","nonsyn","nonsyn","F","F","L","L",0,0,0,0,0,0,254,251
"670",763,754,"a","a","g","nonsyn","nonsyn","nonsyn","M","V","L","L",0,0,0,1,0,0,255,252
"671",764,755,"t","t","c","nonsyn","nonsyn","nonsyn","M","T","K","R",1,1,1,0,0,0,255,252
"672",765,756,"g","g","a","nonsyn","nonsyn","nonsyn","M","I","I","I",0,0,0,0,0,0,255,252
"673",766,757,"c","c","t","nonsyn","nonsyn","nonsyn","P","S","T","A",1,1,1,0,0,1,256,253
"674",767,758,"c","c","t","nonsyn","nonsyn","nonsyn","P","L","H","R",1,1,1,0,0,1,256,253
"675",768,759,"t","t","c","syn","syn","syn","P","P","P","P",0,0,0,0,0,0,256,253
"676",769,760,"a","a","g","nonsyn","nonsyn","stop","K","E","Q","*",1,1,1,0,0,0,257,254
"677",770,761,"a","a","g","nonsyn","nonsyn","nonsyn","K","R","T","I",0,1,1,0,0,0,257,254
"678",771,762,"a","a","g","syn","nonsyn","nonsyn","K","K","N","N",0,1,1,1,0,0,257,254
"679",772,763,"t","t","c","nonsyn","nonsyn","nonsyn","C","R","S","G",1,1,0,0,0,0,258,255
"680",773,764,"g","g","a","nonsyn","nonsyn","nonsyn","C","Y","S","F",1,1,1,0,0,0,258,255
"681",774,765,"t","t","c","syn","stop","nonsyn","C","C","*","W",0,1,1,0,0,0,258,255
"682",775,766,"t","t","c","nonsyn","nonsyn","nonsyn","S","P","T","A",1,0,1,0,0,0,259,256
"683",776,767,"c","c","t","nonsyn","nonsyn","nonsyn","S","F","Y","C",1,1,1,0,0,1,259,256
"684",777,768,"t","t","c","syn","syn","syn","S","S","S","S",0,0,0,0,0,0,259,256
"685",778,769,"a","a","g","nonsyn","nonsyn","stop","K","E","Q","*",1,1,1,0,1,0,260,257
"686",779,770,"a","a","g","nonsyn","nonsyn","nonsyn","K","R","T","M",0,1,1,0,1,0,260,257
"687",780,771,"g","g","a","syn","nonsyn","nonsyn","K","K","N","N",0,1,1,0,0,0,260,257
"688",781,772,"g","g","a","nonsyn","nonsyn","nonsyn","V","M","L","L",0,0,0,1,0,0,261,258
"689",782,773,"t","t","c","nonsyn","nonsyn","nonsyn","V","A","E","G",0,1,1,0,1,0,261,258
"690",783,774,"g","g","a","syn","syn","syn","V","V","V","V",0,0,0,0,0,0,261,258
"691",784,775,"g","g","a","nonsyn","nonsyn","nonsyn","V","M","L","L",0,0,0,1,0,0,262,259
"692",785,776,"t","t","c","nonsyn","nonsyn","nonsyn","V","A","E","G",0,1,1,0,1,0,262,259
"693",786,777,"g","g","a","syn","syn","syn","V","V","V","V",0,0,0,0,0,0,262,259
"694",787,778,"g","g","a","nonsyn","nonsyn","nonsyn","V","I","L","F",0,0,0,0,0,0,263,260
"695",788,779,"t","t","c","nonsyn","nonsyn","nonsyn","V","A","D","G",0,1,1,0,0,0,263,260
"696",789,780,"c","c","t","syn","syn","syn","V","V","V","V",0,0,0,0,0,1,263,260
"697",790,781,"t","t","c","nonsyn","nonsyn","nonsyn","S","P","T","A",1,0,1,0,0,0,264,261
"698",791,782,"c","c","t","nonsyn","nonsyn","nonsyn","S","F","Y","C",1,1,1,0,0,1,264,261
"699",792,783,"t","t","c","syn","syn","syn","S","S","S","S",0,0,0,0,0,0,264,261
"700",793,784,"t","t","c","nonsyn","nonsyn","nonsyn","S","P","T","A",1,0,1,0,0,0,265,262
"701",794,785,"c","c","t","nonsyn","stop","stop","S","L","*","*",1,1,1,1,0,0,265,262
"702",795,786,"a","a","g","syn","syn","syn","S","S","S","S",0,0,0,1,0,0,265,262
"703",796,787,"t","t","c","nonsyn","nonsyn","nonsyn","C","R","S","G",1,1,0,0,0,0,266,263
"704",797,788,"g","g","a","nonsyn","nonsyn","nonsyn","C","Y","S","F",1,1,1,0,0,0,266,263
"705",798,789,"c","c","t","syn","stop","nonsyn","C","C","*","W",0,1,1,1,0,0,266,263
"706",799,790,"a","a","g","nonsyn","nonsyn","nonsyn","T","A","P","S",1,1,0,0,0,0,267,264
"707",800,791,"c","c","t","nonsyn","nonsyn","nonsyn","T","I","K","R",1,1,1,1,0,0,267,264
"708",801,792,"a","a","g","syn","syn","syn","T","T","T","T",0,0,0,0,1,0,267,264
"709",802,793,"a","a","g","nonsyn","syn","nonsyn","R","G","R","W",1,0,1,0,1,0,268,265
"710",803,794,"g","g","a","nonsyn","nonsyn","nonsyn","R","K","T","M",0,1,1,0,0,0,268,265
"711",804,795,"g","g","a","syn","nonsyn","nonsyn","R","R","S","S",0,1,1,0,0,0,268,265
"712",805,796,"a","a","g","nonsyn","nonsyn","nonsyn","M","V","L","L",0,0,0,1,0,0,269,266
"713",806,797,"t","t","c","nonsyn","nonsyn","nonsyn","M","T","K","R",1,1,1,0,0,0,269,266
"714",807,798,"g","g","a","nonsyn","nonsyn","nonsyn","M","I","I","I",0,0,0,0,0,0,269,266
"715",808,799,"a","a","g","nonsyn","nonsyn","nonsyn","M","V","L","L",0,0,0,1,0,0,270,267
"716",809,800,"t","t","c","nonsyn","nonsyn","nonsyn","M","T","K","R",1,1,1,0,1,0,270,267
"717",810,801,"g","g","a","nonsyn","nonsyn","nonsyn","M","I","I","I",0,0,0,0,0,0,270,267
"718",811,802,"g","g","a","nonsyn","nonsyn","stop","E","K","Q","*",1,1,1,0,1,0,271,268
"719",812,803,"a","a","g","nonsyn","nonsyn","nonsyn","E","G","A","V",1,1,1,0,0,0,271,268
"720",813,804,"g","g","a","syn","nonsyn","nonsyn","E","E","D","D",0,0,0,0,0,0,271,268
"721",814,805,"a","a","g","nonsyn","nonsyn","nonsyn","T","A","P","S",1,1,0,0,0,0,272,269
"722",815,806,"c","c","t","nonsyn","nonsyn","nonsyn","T","I","K","R",1,1,1,1,0,0,272,269
"723",816,807,"a","a","g","syn","syn","syn","T","T","T","T",0,0,0,0,0,0,272,269
"724",817,808,"c","c","t","stop","nonsyn","nonsyn","Q","*","K","E",1,1,1,1,1,0,273,270
"725",818,809,"a","a","g","nonsyn","nonsyn","nonsyn","Q","R","P","L",1,1,1,0,0,0,273,270
"726",819,810,"g","g","a","syn","nonsyn","nonsyn","Q","Q","H","H",0,1,1,0,0,0,273,270
"727",820,811,"a","a","g","nonsyn","nonsyn","nonsyn","T","A","P","S",1,1,0,0,0,0,274,271
"728",821,812,"c","c","t","nonsyn","nonsyn","nonsyn","T","I","N","S",1,0,0,0,0,1,274,271
"729",822,813,"t","t","c","syn","syn","syn","T","T","T","T",0,0,0,0,0,0,274,271
"730",823,814,"t","t","c","nonsyn","nonsyn","nonsyn","Y","H","N","D",1,1,1,0,0,0,275,272
"731",824,815,"a","a","g","nonsyn","nonsyn","nonsyn","Y","C","S","F",1,1,0,0,0,0,275,272
"732",825,816,"t","c","t","syn","stop","stop","Y","Y","*","*",0,1,1,0,0,0,275,272
"733",826,817,"a","g","a","nonsyn","nonsyn","nonsyn","A","T","P","S",1,1,1,0,0,0,276,273
"734",827,818,"c","c","t","nonsyn","nonsyn","nonsyn","A","V","D","G",0,1,1,0,0,1,276,273
"735",828,819,"t","t","c","syn","syn","syn","A","A","A","A",0,0,0,1,0,0,276,273
"736",829,820,"t","t","c","nonsyn","nonsyn","nonsyn","W","R","R","G",1,1,1,0,1,0,277,274
"737",830,821,"g","g","a","stop","nonsyn","nonsyn","W","*","S","L",1,1,0,0,0,0,277,274
"738",831,822,"g","g","a","stop","nonsyn","nonsyn","W","*","C","C",1,1,1,0,0,0,277,274
"739",832,823,"t","t","c","nonsyn","nonsyn","nonsyn","F","L","I","V",0,0,0,0,0,0,278,275
"740",833,824,"t","t","c","nonsyn","nonsyn","nonsyn","F","S","Y","C",1,0,1,0,0,0,278,275
"741",834,825,"t","t","c","syn","nonsyn","nonsyn","F","F","L","L",0,0,0,0,0,0,278,275
