"","seqnames","start","A","C","G","T","N","=","-","+","TotalReads"
"1","Run_5_06_Animal_16314_Consensus","94",0,0,16,0,0,0,0,0,16
"2","Run_5_06_Animal_16314_Consensus","95",14,45,196,111203,0,0,0,0,111458
"3","Run_5_06_Animal_16314_Consensus","96",112325,7,30,118,0,0,0,0,112480
"4","Run_5_06_Animal_16314_Consensus","97",11,112820,6,52,0,0,0,0,112889
"5","Run_5_06_Animal_16314_Consensus","98",17,112981,9,112,0,0,0,7,113119
"6","Run_5_06_Animal_16314_Consensus","99",113080,4,26,13,0,0,57,11,113123
"7","Run_5_06_Animal_16314_Consensus","100",47,5,113354,14,0,0,41,2,113420
"8","Run_5_06_Animal_16314_Consensus","101",5,113408,2,43,0,0,74,4,113458
"9","Run_5_06_Animal_16314_Consensus","102",2,28,7,113408,0,0,142,0,113445
"10","Run_5_06_Animal_16314_Consensus","103",8,33,3,113694,0,0,5,7,113738
"11","Run_5_06_Animal_16314_Consensus","104",82,7,113538,13,0,0,144,0,113640
"12","Run_5_06_Animal_16314_Consensus","105",48,6,113754,27,0,0,16,8,113835
"13","Run_5_06_Animal_16314_Consensus","106",113836,9,30,25,0,0,49,12,113900
"14","Run_5_06_Animal_16314_Consensus","107",84,6,113895,24,0,0,68,0,114009
"15","Run_5_06_Animal_16314_Consensus","108",44,5,114072,28,0,0,11,15,114149
"16","Run_5_06_Animal_16314_Consensus","109",114146,5,17,14,0,0,112,1,114182
"17","Run_5_06_Animal_16314_Consensus","110",114486,11,22,8,0,0,9,2,114527
"18","Run_5_06_Animal_16314_Consensus","111",6,41,23,114616,0,0,19,10,114686
"19","Run_5_06_Animal_16314_Consensus","112",70,8,114677,17,0,0,33,4,114772
"20","Run_5_06_Animal_16314_Consensus","113",3,114972,12,64,0,0,33,0,115051
"21","Run_5_06_Animal_16314_Consensus","114",64,8,115025,27,0,0,22,0,115124
"22","Run_5_06_Animal_16314_Consensus","115",115103,121,23,28,0,0,1,0,115275
"23","Run_5_06_Animal_16314_Consensus","116",1,115312,17,90,0,0,5,0,115420
"24","Run_5_06_Animal_16314_Consensus","117",115246,8,186,17,0,0,0,0,115457
"25","Run_5_06_Animal_16314_Consensus","118",115350,51,129,7,0,0,0,0,115537
"26","Run_5_06_Animal_16314_Consensus","119",19,143,7,115399,0,0,1,0,115568
"27","Run_5_06_Animal_16314_Consensus","120",23,197,8,115373,0,0,0,2,115601
"28","Run_5_06_Animal_16314_Consensus","121",12,115494,4,95,0,0,26,0,115605
"29","Run_5_06_Animal_16314_Consensus","122",18,115610,9,64,0,0,2,0,115701
"30","Run_5_06_Animal_16314_Consensus","123",18,115758,4,60,0,0,0,0,115840
"31","Run_5_06_Animal_16314_Consensus","124",25,115767,2,65,0,0,1,1,115859
"32","Run_5_06_Animal_16314_Consensus","125",17,176,10,115662,0,0,4,0,115865
"33","Run_5_06_Animal_16314_Consensus","126",18,115774,2,65,0,0,1,0,115859
"34","Run_5_06_Animal_16314_Consensus","127",32,199,10,115626,0,0,2,0,115867
"35","Run_5_06_Animal_16314_Consensus","128",21,199,1,115636,0,0,1,0,115857
"36","Run_5_06_Animal_16314_Consensus","129",17,115650,7,178,0,0,4,0,115852
"37","Run_5_06_Animal_16314_Consensus","130",29,189,17,115603,0,0,3,0,115838
"38","Run_5_06_Animal_16314_Consensus","131",78,3,115721,15,0,0,4,0,115817
"39","Run_5_06_Animal_16314_Consensus","132",12,214,10,115553,0,0,0,0,115789
"40","Run_5_06_Animal_16314_Consensus","133",66,5,115715,12,0,0,0,0,115798
"41","Run_5_06_Animal_16314_Consensus","134",17,115628,10,96,0,0,6,0,115751
"42","Run_5_06_Animal_16314_Consensus","135",115459,8,354,19,0,0,2,0,115840
"43","Run_5_06_Animal_16314_Consensus","136",115495,13,297,30,0,0,1,0,115835
"44","Run_5_06_Animal_16314_Consensus","137",10,115675,7,179,0,0,3,0,115871
"45","Run_5_06_Animal_16314_Consensus","138",13,115789,3,92,0,0,0,0,115897
"46","Run_5_06_Animal_16314_Consensus","139",115729,8,142,11,0,0,4,0,115890
"47","Run_5_06_Animal_16314_Consensus","140",115635,9,220,54,0,0,1,0,115918
"48","Run_5_06_Animal_16314_Consensus","141",137,5,115756,20,0,0,2,0,115918
"49","Run_5_06_Animal_16314_Consensus","142",115627,12,192,71,0,0,1,0,115902
"50","Run_5_06_Animal_16314_Consensus","143",115752,3,320,26,0,0,4,0,116101
"51","Run_5_06_Animal_16314_Consensus","144",8,91,4,116017,0,0,4,0,116120
"52","Run_5_06_Animal_16314_Consensus","145",115960,7,168,35,0,0,3,0,116170
"53","Run_5_06_Animal_16314_Consensus","146",623,1,115529,45,0,0,8,0,116198
"54","Run_5_06_Animal_16314_Consensus","147",55,4,116191,29,0,0,2,0,116279
"55","Run_5_06_Animal_16314_Consensus","148",46,4,116251,20,0,0,0,0,116321
"56","Run_5_06_Animal_16314_Consensus","149",116028,17,267,46,0,0,0,0,116358
"57","Run_5_06_Animal_16314_Consensus","150",9,122,6,116229,0,0,0,0,116366
"58","Run_5_06_Animal_16314_Consensus","151",116194,7,182,18,0,0,0,0,116401
"59","Run_5_06_Animal_16314_Consensus","152",11,116364,4,61,0,0,1,0,116440
"60","Run_5_06_Animal_16314_Consensus","153",8,144,20,116268,0,0,4,0,116440
"61","Run_5_06_Animal_16314_Consensus","154",18,121,11,116319,0,0,1,2,116469
"62","Run_5_06_Animal_16314_Consensus","155",972,9,115520,17,0,0,71,0,116518
"63","Run_5_06_Animal_16314_Consensus","156",1101,3,115492,30,0,0,6,0,116626
"64","Run_5_06_Animal_16314_Consensus","157",82,3,116575,28,0,0,0,0,116688
"65","Run_5_06_Animal_16314_Consensus","158",115,4,116573,36,0,0,0,0,116728
"66","Run_5_06_Animal_16314_Consensus","159",116557,9,289,53,0,0,7,0,116908
"67","Run_5_06_Animal_16314_Consensus","160",116594,19,360,28,0,0,1,0,117001
"68","Run_5_06_Animal_16314_Consensus","161",3,116978,0,86,0,0,3,0,117067
"69","Run_5_06_Animal_16314_Consensus","162",116890,8,187,41,0,0,3,0,117126
"70","Run_5_06_Animal_16314_Consensus","163",116889,3,263,29,0,0,0,0,117184
"71","Run_5_06_Animal_16314_Consensus","164",7,117142,3,60,0,0,0,0,117212
"72","Run_5_06_Animal_16314_Consensus","165",40,430,6,116750,0,0,0,0,117226
"73","Run_5_06_Animal_16314_Consensus","166",21,117139,10,91,0,0,0,0,117261
"74","Run_5_06_Animal_16314_Consensus","167",117059,14,174,35,0,0,0,0,117282
"75","Run_5_06_Animal_16314_Consensus","168",315,0,116896,26,0,0,0,0,117237
"76","Run_5_06_Animal_16314_Consensus","169",30,210,18,117113,0,0,0,0,117371
"77","Run_5_06_Animal_16314_Consensus","170",108,4,117142,52,0,0,0,0,117306
"78","Run_5_06_Animal_16314_Consensus","171",15,117922,8,76,0,0,2,0,118021
"79","Run_5_06_Animal_16314_Consensus","172",15,117943,5,83,0,0,0,0,118046
"80","Run_5_06_Animal_16314_Consensus","173",31,138,6,117881,0,0,4,0,118056
"81","Run_5_06_Animal_16314_Consensus","174",117858,4,155,35,0,0,6,0,118052
"82","Run_5_06_Animal_16314_Consensus","175",8,117981,4,89,0,0,14,0,118082
"83","Run_5_06_Animal_16314_Consensus","176",9,117996,5,85,0,0,1,0,118095
"84","Run_5_06_Animal_16314_Consensus","177",117835,8,190,82,0,0,9,0,118115
"85","Run_5_06_Animal_16314_Consensus","178",125,7,117986,20,0,0,8,0,118138
"86","Run_5_06_Animal_16314_Consensus","179",117815,7,328,24,0,0,0,0,118174
"87","Run_5_06_Animal_16314_Consensus","180",4,94,15,118118,0,0,3,0,118231
"88","Run_5_06_Animal_16314_Consensus","181",117905,8,241,18,0,0,9,0,118172
"89","Run_5_06_Animal_16314_Consensus","182",117904,5,186,29,0,0,0,0,118124
"90","Run_5_06_Animal_16314_Consensus","183",14,236,7,117851,0,0,0,0,118108
"91","Run_5_06_Animal_16314_Consensus","184",154,5,117905,26,0,0,6,0,118090
"92","Run_5_06_Animal_16314_Consensus","185",58,2,118060,32,0,0,5,0,118152
"93","Run_5_06_Animal_16314_Consensus","186",14,246,4,118034,0,0,7,0,118298
"94","Run_5_06_Animal_16314_Consensus","187",122,9,118195,26,0,0,4,0,118352
"95","Run_5_06_Animal_16314_Consensus","188",118360,11,258,38,0,0,1,0,118667
"96","Run_5_06_Animal_16314_Consensus","189",24,133,11,118662,0,0,7,0,118830
"97","Run_5_06_Animal_16314_Consensus","190",12,140,2,118814,0,0,1,0,118968
"98","Run_5_06_Animal_16314_Consensus","191",118806,6,153,15,0,0,3,0,118980
"99","Run_5_06_Animal_16314_Consensus","192",10,343,12,118737,0,0,0,0,119102
"100","Run_5_06_Animal_16314_Consensus","193",22,191,14,118877,0,0,0,0,119104
"101","Run_5_06_Animal_16314_Consensus","194",12,118870,8,113,0,0,1,0,119003
"102","Run_5_06_Animal_16314_Consensus","195",118864,14,261,33,0,0,1,0,119172
"103","Run_5_06_Animal_16314_Consensus","196",25,2,119136,15,0,0,4,0,119178
"104","Run_5_06_Animal_16314_Consensus","197",119035,5,209,19,0,0,1,0,119268
"105","Run_5_06_Animal_16314_Consensus","198",119029,4,258,12,0,0,0,0,119303
"106","Run_5_06_Animal_16314_Consensus","199",16,114,8,119087,0,0,4,0,119225
"107","Run_5_06_Animal_16314_Consensus","200",49,125,5,118990,0,0,1,0,119169
"108","Run_5_06_Animal_16314_Consensus","201",754,3,118347,34,0,0,15,0,119138
"109","Run_5_06_Animal_16314_Consensus","202",146,9,119097,13,0,0,0,0,119265
"110","Run_5_06_Animal_16314_Consensus","203",21,119525,7,99,0,0,10,0,119652
"111","Run_5_06_Animal_16314_Consensus","204",26,119733,1,84,0,0,0,0,119844
"112","Run_5_06_Animal_16314_Consensus","205",1119,119006,5,93,0,0,0,0,120223
"113","Run_5_06_Animal_16314_Consensus","206",31,198,9,120035,0,0,87,0,120273
"114","Run_5_06_Animal_16314_Consensus","207",17,113,5,120363,0,0,63,0,120498
"115","Run_5_06_Animal_16314_Consensus","208",120376,1,184,16,0,0,70,0,120577
"116","Run_5_06_Animal_16314_Consensus","209",120417,14,206,13,0,0,63,0,120650
"117","Run_5_06_Animal_16314_Consensus","210",14,132,8,120407,0,0,63,0,120561
"118","Run_5_06_Animal_16314_Consensus","211",226,1,120378,6,0,0,63,0,120611
"119","Run_5_06_Animal_16314_Consensus","212",18,176,8,120347,0,0,74,0,120549
"120","Run_5_06_Animal_16314_Consensus","213",7,247,3,120306,0,0,63,0,120563
"121","Run_5_06_Animal_16314_Consensus","214",120321,7,214,27,0,0,74,0,120569
"122","Run_5_06_Animal_16314_Consensus","215",11,120377,11,162,0,0,68,0,120561
"123","Run_5_06_Animal_16314_Consensus","216",120255,11,309,32,0,0,72,0,120607
"124","Run_5_06_Animal_16314_Consensus","217",86,4,120492,19,0,0,71,0,120601
"125","Run_5_06_Animal_16314_Consensus","218",120345,6,258,89,0,0,68,0,120698
"126","Run_5_06_Animal_16314_Consensus","219",120369,17,319,12,0,0,63,0,120717
"127","Run_5_06_Animal_16314_Consensus","220",120310,6,359,22,0,0,63,0,120697
"128","Run_5_06_Animal_16314_Consensus","221",55,4,120626,9,0,0,63,0,120694
"129","Run_5_06_Animal_16314_Consensus","222",4,120599,2,62,0,0,64,0,120667
"130","Run_5_06_Animal_16314_Consensus","223",16,317,9,119988,0,0,75,0,120330
"131","Run_5_06_Animal_16314_Consensus","224",12,168,12,120148,0,0,64,0,120340
"132","Run_5_06_Animal_16314_Consensus","225",41,203,12,120082,0,0,63,0,120338
"133","Run_5_06_Animal_16314_Consensus","226",95,4,120190,17,0,0,65,0,120306
"134","Run_5_06_Animal_16314_Consensus","227",120036,3,263,13,0,0,63,0,120315
"135","Run_5_06_Animal_16314_Consensus","228",13,235,3,119951,0,0,63,0,120202
"136","Run_5_06_Animal_16314_Consensus","229",134,4,120055,17,0,0,63,0,120210
"137","Run_5_06_Animal_16314_Consensus","230",13,120082,6,107,0,0,63,0,120208
"138","Run_5_06_Animal_16314_Consensus","231",21,241,1040,118606,0,0,70,0,119908
"139","Run_5_06_Animal_16314_Consensus","232",22,175,11,119757,0,0,64,0,119965
"140","Run_5_06_Animal_16314_Consensus","233",1585,5,118313,33,0,0,98,0,119936
"141","Run_5_06_Animal_16314_Consensus","234",85,4,119880,25,0,0,67,0,119994
"142","Run_5_06_Animal_16314_Consensus","235",152,3,119817,11,0,0,63,0,119983
"143","Run_5_06_Animal_16314_Consensus","236",119573,4,311,66,0,0,71,0,119954
"144","Run_5_06_Animal_16314_Consensus","237",84,6,119828,12,0,0,63,0,119930
"145","Run_5_06_Animal_16314_Consensus","238",119541,10,293,51,0,0,67,0,119895
"146","Run_5_06_Animal_16314_Consensus","239",119571,44,279,21,0,0,64,0,119915
"147","Run_5_06_Animal_16314_Consensus","240",22,99,10,119674,0,0,65,0,119805
"148","Run_5_06_Animal_16314_Consensus","241",119642,4,157,31,0,0,64,0,119834
"149","Run_5_06_Animal_16314_Consensus","242",16,119650,7,91,0,0,64,0,119764
"150","Run_5_06_Animal_16314_Consensus","243",119424,9,272,49,0,0,65,0,119754
"151","Run_5_06_Animal_16314_Consensus","244",86,11,119625,12,0,0,2,0,119734
"152","Run_5_06_Animal_16314_Consensus","245",58,183,3,119489,0,0,1,0,119733
"153","Run_5_06_Animal_16314_Consensus","246",13,119557,3,83,0,0,5,0,119656
"154","Run_5_06_Animal_16314_Consensus","247",119261,8,319,26,0,0,5,0,119614
"155","Run_5_06_Animal_16314_Consensus","248",10,119490,5,88,0,0,1,0,119593
"156","Run_5_06_Animal_16314_Consensus","249",119037,11,441,53,0,0,8,0,119542
"157","Run_5_06_Animal_16314_Consensus","250",77,5,119354,13,0,0,7,0,119449
"158","Run_5_06_Animal_16314_Consensus","251",119223,7,221,39,0,0,3,0,119490
"159","Run_5_06_Animal_16314_Consensus","252",118991,10,355,18,0,0,1,0,119374
"160","Run_5_06_Animal_16314_Consensus","253",10,119212,3,58,0,0,2,0,119283
"161","Run_5_06_Animal_16314_Consensus","254",118817,8,304,86,0,0,41,0,119215
"162","Run_5_06_Animal_16314_Consensus","255",58,7,118977,6,0,0,121,0,119048
"163","Run_5_06_Animal_16314_Consensus","256",70,8,118931,21,0,0,39,0,119030
"164","Run_5_06_Animal_16314_Consensus","257",20,118688,5,153,0,0,44,1,118866
"165","Run_5_06_Animal_16314_Consensus","258",118433,70,276,40,0,0,46,0,118819
"166","Run_5_06_Animal_16314_Consensus","259",118554,7,182,42,0,0,39,0,118785
"167","Run_5_06_Animal_16314_Consensus","260",12,118,12,118521,0,0,39,0,118663
"168","Run_5_06_Animal_16314_Consensus","261",118348,10,143,53,0,0,44,0,118554
"169","Run_5_06_Animal_16314_Consensus","262",271,6,118102,35,0,0,45,0,118414
"170","Run_5_06_Animal_16314_Consensus","263",118041,8,302,42,0,0,1,0,118393
"171","Run_5_06_Animal_16314_Consensus","264",526,4,117736,27,0,0,7,0,118293
"172","Run_5_06_Animal_16314_Consensus","265",143,5,118045,6,0,0,1,0,118199
"173","Run_5_06_Animal_16314_Consensus","266",117779,8,271,32,0,0,2,0,118090
"174","Run_5_06_Animal_16314_Consensus","267",22,304,13,117152,0,0,2,0,117491
"175","Run_5_06_Animal_16314_Consensus","268",745,2,116675,13,0,0,2,0,117435
"176","Run_5_06_Animal_16314_Consensus","269",10,145,11,117209,0,0,0,0,117375
"177","Run_5_06_Animal_16314_Consensus","270",117095,10,172,27,0,0,0,0,117304
"178","Run_5_06_Animal_16314_Consensus","271",48,140,9,117028,0,0,1,0,117225
"179","Run_5_06_Animal_16314_Consensus","272",107,9,116923,21,0,0,6,0,117060
"180","Run_5_06_Animal_16314_Consensus","273",154,6,116725,33,0,0,0,0,116918
"181","Run_5_06_Animal_16314_Consensus","274",7,116794,3,100,0,0,7,0,116904
"182","Run_5_06_Animal_16314_Consensus","275",116624,8,226,48,0,0,3,0,116906
"183","Run_5_06_Animal_16314_Consensus","276",116577,6,205,57,0,0,0,0,116845
"184","Run_5_06_Animal_16314_Consensus","277",8,116593,0,52,0,0,0,0,116653
"185","Run_5_06_Animal_16314_Consensus","278",23,231,5,116301,0,0,0,0,116560
"186","Run_5_06_Animal_16314_Consensus","279",5,116415,4,46,0,0,0,0,116470
"187","Run_5_06_Animal_16314_Consensus","280",20,218,6,116174,0,0,15,0,116418
"188","Run_5_06_Animal_16314_Consensus","281",4,172,10,116221,0,0,2,0,116407
"189","Run_5_06_Animal_16314_Consensus","282",11,206,10,116155,0,0,0,0,116382
"190","Run_5_06_Animal_16314_Consensus","283",159,11,115952,17,0,0,2,0,116139
"191","Run_5_06_Animal_16314_Consensus","284",115565,11,326,29,0,0,1,0,115931
"192","Run_5_06_Animal_16314_Consensus","285",90,4,115476,8,0,0,0,0,115578
"193","Run_5_06_Animal_16314_Consensus","286",115155,5,296,39,0,0,0,0,115495
"194","Run_5_06_Animal_16314_Consensus","287",7,115302,3,61,0,0,4,0,115373
"195","Run_5_06_Animal_16314_Consensus","288",18,115174,2,93,0,0,0,0,115287
"196","Run_5_06_Animal_16314_Consensus","289",33,208,10,114339,0,0,1,0,114590
"197","Run_5_06_Animal_16314_Consensus","290",8,114431,7,71,0,0,7,0,114517
"198","Run_5_06_Animal_16314_Consensus","291",114034,10,359,72,0,0,5,0,114475
"199","Run_5_06_Animal_16314_Consensus","292",114073,13,209,20,0,0,1,0,114315
"200","Run_5_06_Animal_16314_Consensus","293",18,104,2,114083,0,0,1,0,114207
"201","Run_5_06_Animal_16314_Consensus","294",113726,4,365,10,0,0,18,0,114105
"202","Run_5_06_Animal_16314_Consensus","295",113807,20,199,18,0,0,0,0,114044
"203","Run_5_06_Animal_16314_Consensus","296",113012,11,721,17,0,0,0,0,113761
"204","Run_5_06_Animal_16314_Consensus","297",123,2,113321,7,0,0,0,0,113453
"205","Run_5_06_Animal_16314_Consensus","298",9,113328,2,44,0,0,3,0,113383
"206","Run_5_06_Animal_16314_Consensus","299",9,113092,2,101,0,0,0,0,113204
"207","Run_5_06_Animal_16314_Consensus","300",24,197,5,112819,0,0,4,0,113045
"208","Run_5_06_Animal_16314_Consensus","301",6,222,7,112705,0,0,5,0,112940
"209","Run_5_06_Animal_16314_Consensus","302",61,1,112499,17,0,0,11,0,112578
"210","Run_5_06_Animal_16314_Consensus","303",34,207,8,112052,0,0,0,0,112301
"211","Run_5_06_Animal_16314_Consensus","304",148,3,111978,12,0,0,0,0,112141
"212","Run_5_06_Animal_16314_Consensus","305",16,111,5,111746,0,0,5,6,111878
"213","Run_5_06_Animal_16314_Consensus","306",111186,9,494,12,0,0,83,0,111701
"214","Run_5_06_Animal_16314_Consensus","307",111438,9,211,42,0,0,3,0,111700
"215","Run_5_06_Animal_16314_Consensus","308",111288,24,259,25,0,0,0,0,111596
"216","Run_5_06_Animal_16314_Consensus","309",111193,21,221,22,0,0,0,0,111457
"217","Run_5_06_Animal_16314_Consensus","310",10,177,6,111126,0,0,5,0,111319
"218","Run_5_06_Animal_16314_Consensus","311",3,121,3,110995,0,0,0,0,111122
"219","Run_5_06_Animal_16314_Consensus","312",110699,5,123,15,0,0,12,1,110842
"220","Run_5_06_Animal_16314_Consensus","313",24,196,3,110254,0,0,1,0,110477
"221","Run_5_06_Animal_16314_Consensus","314",8,110142,5,77,0,0,68,0,110232
"222","Run_5_06_Animal_16314_Consensus","315",17,109977,5,92,0,0,1,0,110091
"223","Run_5_06_Animal_16314_Consensus","316",22,109851,6,97,0,0,0,0,109976
"224","Run_5_06_Animal_16314_Consensus","317",19,109670,1,77,0,0,0,0,109767
"225","Run_5_06_Animal_16314_Consensus","318",109271,14,142,15,0,0,0,1,109442
"226","Run_5_06_Animal_16314_Consensus","319",20,156,5,109015,0,0,6,0,109196
"227","Run_5_06_Animal_16314_Consensus","320",24,85,8,108915,0,0,0,0,109032
"228","Run_5_06_Animal_16314_Consensus","321",108496,2,150,12,0,0,4,0,108660
"229","Run_5_06_Animal_16314_Consensus","322",16,211,3,108171,0,0,0,0,108401
"230","Run_5_06_Animal_16314_Consensus","323",63,1,107687,10,0,0,3,0,107761
"231","Run_5_06_Animal_16314_Consensus","324",12,107338,5,79,0,0,3,0,107434
"232","Run_5_06_Animal_16314_Consensus","325",106857,6,205,23,0,0,3,0,107091
"233","Run_5_06_Animal_16314_Consensus","326",14,139,8,106649,0,0,9,0,106810
"234","Run_5_06_Animal_16314_Consensus","327",13,106,2,106441,0,0,3,0,106562
"235","Run_5_06_Animal_16314_Consensus","328",105864,4,145,28,0,0,9,0,106041
"236","Run_5_06_Animal_16314_Consensus","329",3,105536,5,56,0,0,3,0,105600
"237","Run_5_06_Animal_16314_Consensus","330",14,99,5,104897,0,0,6,2,105015
"238","Run_5_06_Animal_16314_Consensus","331",104262,3,132,18,0,0,11,0,104415
"239","Run_5_06_Animal_16314_Consensus","332",14,161,3,103691,0,0,10,0,103869
"240","Run_5_06_Animal_16314_Consensus","333",95,3,102343,15,0,0,13,0,102456
"241","Run_5_06_Animal_16314_Consensus","334",101623,6,155,44,0,0,13,0,101828
"242","Run_5_06_Animal_16314_Consensus","335",121,0,100241,25,0,0,10,0,100387
"243","Run_5_06_Animal_16314_Consensus","336",99390,6,271,44,0,0,10,0,99711
"244","Run_5_06_Animal_16314_Consensus","337",6,139,4,98951,0,0,10,0,99100
"245","Run_5_06_Animal_16314_Consensus","338",63,5,98170,19,0,0,10,0,98257
"246","Run_5_06_Animal_16314_Consensus","339",6,97657,5,94,0,0,20,0,97762
"247","Run_5_06_Animal_16314_Consensus","340",97348,16,226,47,0,0,10,0,97637
"248","Run_5_06_Animal_16314_Consensus","341",97053,3,239,15,0,0,10,0,97310
"249","Run_5_06_Animal_16314_Consensus","342",65,51,1,96264,0,0,35,0,96381
"250","Run_5_06_Animal_16314_Consensus","343",96082,5,98,8,0,0,66,0,96193
"251","Run_5_06_Animal_16314_Consensus","344",95817,13,175,10,0,0,31,0,96015
"252","Run_5_06_Animal_16314_Consensus","345",95664,7,181,14,0,0,31,0,95866
"253","Run_5_06_Animal_16314_Consensus","346",95260,9,199,17,0,0,31,0,95485
"254","Run_5_06_Animal_16314_Consensus","347",67,1,92992,4,0,0,31,0,93064
"255","Run_5_06_Animal_16314_Consensus","348",12,128,5,92232,0,0,10,0,92377
"256","Run_5_06_Animal_16314_Consensus","349",310,3,89815,24,0,0,12,0,90152
"257","Run_5_06_Animal_16314_Consensus","350",89213,7,168,51,0,0,11,0,89439
"258","Run_5_06_Animal_16314_Consensus","351",85,2,87179,10,0,0,7,0,87276
"259","Run_5_06_Animal_16314_Consensus","352",86804,20,151,29,0,0,0,0,87004
"260","Run_5_06_Animal_16314_Consensus","353",1,85769,6,82,0,0,0,0,85858
"261","Run_5_06_Animal_16314_Consensus","354",85147,6,257,58,0,0,1,0,85468
"262","Run_5_06_Animal_16314_Consensus","355",24,3,82732,8,0,0,1,0,82767
"263","Run_5_06_Animal_16314_Consensus","356",81689,2,136,19,0,0,0,0,81846
"264","Run_5_06_Animal_16314_Consensus","357",9,64,1,80135,0,0,0,0,80209
"265","Run_5_06_Animal_16314_Consensus","358",79893,4,121,21,0,0,7,0,80039
"266","Run_5_06_Animal_16314_Consensus","359",79646,8,151,14,0,0,0,0,79819
"267","Run_5_06_Animal_16314_Consensus","360",79222,6,142,8,0,0,0,0,79378
"268","Run_5_06_Animal_16314_Consensus","361",15,83,5,77333,0,0,0,0,77436
"269","Run_5_06_Animal_16314_Consensus","362",229,2,76448,21,0,0,20,0,76700
"270","Run_5_06_Animal_16314_Consensus","363",478,7,75039,14,0,0,0,0,75538
"271","Run_5_06_Animal_16314_Consensus","364",48,0,73991,16,0,0,0,0,74055
"272","Run_5_06_Animal_16314_Consensus","365",64,1,71972,7,0,0,0,0,72044
"273","Run_5_06_Animal_16314_Consensus","366",70065,3,387,17,0,0,0,0,70472
"274","Run_5_06_Animal_16314_Consensus","367",6,139,2,69620,0,0,2,0,69767
"275","Run_5_06_Animal_16314_Consensus","368",12,90,3,68816,0,0,0,0,68921
"276","Run_5_06_Animal_16314_Consensus","369",39,3,66211,6,0,0,8,0,66259
"277","Run_5_06_Animal_16314_Consensus","370",65471,4,91,16,0,0,1,0,65582
"278","Run_5_06_Animal_16314_Consensus","371",9,64971,2,44,0,0,6,0,65026
"279","Run_5_06_Animal_16314_Consensus","372",64756,11,150,15,0,0,9,0,64932
"280","Run_5_06_Animal_16314_Consensus","373",64796,7,78,9,0,0,0,0,64890
"281","Run_5_06_Animal_16314_Consensus","374",64565,3,122,8,0,0,0,0,64698
"282","Run_5_06_Animal_16314_Consensus","375",64000,3,79,5,0,0,1,0,64087
"283","Run_5_06_Animal_16314_Consensus","376",21,64,3,60025,0,0,6,0,60113
"284","Run_5_06_Animal_16314_Consensus","377",11,58347,2,31,0,0,2,0,58391
"285","Run_5_06_Animal_16314_Consensus","378",57294,2,92,5,0,0,0,0,57393
"286","Run_5_06_Animal_16314_Consensus","379",9,85,2,55181,0,0,0,0,55277
"287","Run_5_06_Animal_16314_Consensus","380",6,53780,2,32,0,0,4,0,53820
"288","Run_5_06_Animal_16314_Consensus","381",53418,2,75,7,0,0,1,0,53502
"289","Run_5_06_Animal_16314_Consensus","382",52698,3,72,13,0,0,1,0,52786
"290","Run_5_06_Animal_16314_Consensus","383",10,50530,0,33,0,0,3,0,50573
"291","Run_5_06_Animal_16314_Consensus","384",49744,3,67,8,0,0,1,0,49822
"292","Run_5_06_Animal_16314_Consensus","385",47724,5,68,5,0,0,1,0,47802
"293","Run_5_06_Animal_16314_Consensus","386",0,38,1,43902,0,0,2,0,43941
"294","Run_5_06_Animal_16314_Consensus","387",43198,5,27,2,0,0,6,0,43232
"295","Run_5_06_Animal_16314_Consensus","388",42353,3,36,6,0,0,0,0,42398
"296","Run_5_06_Animal_16314_Consensus","389",7,40556,1,24,0,0,0,0,40588
"297","Run_5_06_Animal_16314_Consensus","390",40368,4,36,5,0,0,1,0,40413
"298","Run_5_06_Animal_16314_Consensus","391",40129,0,39,3,0,0,0,0,40171
"299","Run_5_06_Animal_16314_Consensus","392",5,36337,0,20,0,0,0,0,36362
"300","Run_5_06_Animal_16314_Consensus","393",35261,4,36,2,0,0,0,0,35303
"301","Run_5_06_Animal_16314_Consensus","394",34040,21,30,2,0,0,0,0,34093
"302","Run_5_06_Animal_16314_Consensus","395",2009,3195,0,0,0,0,0,0,5204
"303","Run_5_06_Animal_16314_Consensus","396",147,1,1,0,0,0,0,0,149
"304","Run_5_06_Animal_16314_Consensus","397",0,0,48,0,0,0,0,0,48
"305","Run_5_06_Animal_16314_Consensus","398",0,42,0,0,0,0,0,0,42
"306","Run_5_06_Animal_16314_Consensus","399",39,0,0,0,0,0,0,0,39
"307","Run_5_06_Animal_16314_Consensus","400",0,38,0,0,0,0,0,0,38
"308","Run_5_06_Animal_16314_Consensus","401",0,34,0,0,0,0,0,0,34
"309","Run_5_06_Animal_16314_Consensus","402",34,0,0,0,0,0,0,0,34
"310","Run_5_06_Animal_16314_Consensus","403",30,0,0,0,0,0,0,0,30
"311","Run_5_06_Animal_16314_Consensus","404",0,29,0,0,0,0,0,0,29
"312","Run_5_06_Animal_16314_Consensus","405",29,0,0,0,0,0,0,0,29
"313","Run_5_06_Animal_16314_Consensus","406",28,0,0,0,0,0,0,0,28
"314","Run_5_06_Animal_16314_Consensus","407",0,26,0,0,0,0,0,0,26
"315","Run_5_06_Animal_16314_Consensus","408",26,0,0,0,0,0,0,0,26
"316","Run_5_06_Animal_16314_Consensus","409",0,25,0,0,0,0,0,0,25
"317","Run_5_06_Animal_16314_Consensus","410",0,25,0,0,0,0,0,0,25
"318","Run_5_06_Animal_16314_Consensus","411",25,0,0,0,0,0,0,0,25
"319","Run_5_06_Animal_16314_Consensus","412",25,0,0,0,0,0,0,0,25
"320","Run_5_06_Animal_16314_Consensus","413",23,0,0,0,0,0,0,0,23
"321","Run_5_06_Animal_16314_Consensus","414",0,0,0,20,0,0,0,0,20
"322","Run_5_06_Animal_16314_Consensus","415",18,0,0,0,0,0,0,0,18
"323","Run_5_06_Animal_16314_Consensus","416",0,18,0,0,0,0,0,0,18
"324","Run_5_06_Animal_16314_Consensus","417",18,0,0,0,0,0,0,0,18
"325","Run_5_06_Animal_16314_Consensus","418",5,0,0,0,0,0,0,0,5
"326","Run_5_06_Animal_16314_Consensus","419",0,5,0,0,0,0,0,0,5
"327","Run_5_06_Animal_16314_Consensus","420",4,0,0,0,0,0,0,0,4
"328","Run_5_06_Animal_16314_Consensus","421",0,0,0,2,0,0,0,0,2
"329","Run_5_06_Animal_16314_Consensus","431",0,0,0,1,0,0,0,0,1
"330","Run_5_06_Animal_16314_Consensus","432",1,0,0,0,0,0,0,0,1
"331","Run_5_06_Animal_16314_Consensus","433",0,0,1,0,0,0,0,0,1
"332","Run_5_06_Animal_16314_Consensus","434",1,0,0,0,0,0,0,0,1
"333","Run_5_06_Animal_16314_Consensus","435",0,1,0,0,0,0,0,0,1
"334","Run_5_06_Animal_16314_Consensus","436",1,0,0,0,0,0,0,0,1
"335","Run_5_06_Animal_16314_Consensus","437",0,0,0,1,0,0,0,0,1
"336","Run_5_06_Animal_16314_Consensus","438",0,0,1,0,0,0,0,0,1
"337","Run_5_06_Animal_16314_Consensus","439",0,0,1,0,0,0,0,0,1
"338","Run_5_06_Animal_16314_Consensus","440",0,0,0,1,0,0,0,0,1
"339","Run_5_06_Animal_16314_Consensus","441",0,1,0,0,0,0,0,0,1
"340","Run_5_06_Animal_16314_Consensus","442",1,0,0,0,0,0,0,0,1
"341","Run_5_06_Animal_16314_Consensus","443",1,0,0,0,0,0,0,0,1
"342","Run_5_06_Animal_16314_Consensus","444",0,0,0,1,0,0,0,0,1
"343","Run_5_06_Animal_16314_Consensus","445",0,0,1,0,0,0,0,0,1
"344","Run_5_06_Animal_16314_Consensus","446",1,0,0,0,0,0,0,0,1
"345","Run_5_06_Animal_16314_Consensus","447",0,0,1,0,0,0,0,0,1
"346","Run_5_06_Animal_16314_Consensus","448",1,0,0,0,0,0,0,0,1
"347","Run_5_06_Animal_16314_Consensus","449",0,1,0,0,0,0,0,0,1
"348","Run_5_06_Animal_16314_Consensus","450",0,0,0,1,0,0,0,0,1
"349","Run_5_06_Animal_16314_Consensus","451",1,0,0,0,0,0,0,0,1
"350","Run_5_06_Animal_16314_Consensus","452",0,0,1,0,0,0,0,0,1
"351","Run_5_06_Animal_16314_Consensus","453",0,0,0,1,0,0,0,0,1
"352","Run_5_06_Animal_16314_Consensus","454",0,0,0,1,0,0,0,0,1
"353","Run_5_06_Animal_16314_Consensus","455",0,1,0,0,0,0,0,0,1
"354","Run_5_06_Animal_16314_Consensus","456",0,0,0,1,0,0,0,0,1
"355","Run_5_06_Animal_16314_Consensus","457",0,0,0,1,0,0,0,0,1
"356","Run_5_06_Animal_16314_Consensus","458",0,0,1,0,0,0,0,0,1
"357","Run_5_06_Animal_16314_Consensus","459",0,0,0,1,0,0,0,0,1
"358","Run_5_06_Animal_16314_Consensus","460",1,0,0,0,0,0,0,0,1
"359","Run_5_06_Animal_16314_Consensus","461",0,0,0,1,0,0,0,0,1
"360","Run_5_06_Animal_16314_Consensus","462",1,0,0,0,0,0,0,0,1
"361","Run_5_06_Animal_16314_Consensus","463",0,0,1,0,0,0,0,0,1
"362","Run_5_06_Animal_16314_Consensus","464",0,0,0,1,0,0,0,0,1
"363","Run_5_06_Animal_16314_Consensus","465",0,0,0,3,0,0,0,0,3
"364","Run_5_06_Animal_16314_Consensus","466",0,3,0,0,0,0,0,0,3
"365","Run_5_06_Animal_16314_Consensus","467",3,0,0,0,0,0,0,0,3
"366","Run_5_06_Animal_16314_Consensus","468",0,0,0,3,0,0,0,0,3
"367","Run_5_06_Animal_16314_Consensus","469",0,0,3,0,0,0,0,0,3
"368","Run_5_06_Animal_16314_Consensus","470",3,0,0,0,0,0,0,0,3
"369","Run_5_06_Animal_16314_Consensus","471",0,0,0,3,0,0,0,0,3
"370","Run_5_06_Animal_16314_Consensus","472",3,0,0,0,0,0,0,0,3
"371","Run_5_06_Animal_16314_Consensus","473",3,0,0,0,0,0,0,0,3
"372","Run_5_06_Animal_16314_Consensus","474",0,0,0,3,0,0,0,0,3
"373","Run_5_06_Animal_16314_Consensus","475",0,0,0,3,0,0,0,0,3
"374","Run_5_06_Animal_16314_Consensus","476",0,0,3,0,0,0,0,0,3
"375","Run_5_06_Animal_16314_Consensus","477",0,3,0,0,0,0,0,0,3
"376","Run_5_06_Animal_16314_Consensus","478",3,0,0,0,0,0,0,0,3
"377","Run_5_06_Animal_16314_Consensus","479",0,3,0,0,0,0,0,0,3
"378","Run_5_06_Animal_16314_Consensus","480",3,0,0,0,0,0,0,0,3
"379","Run_5_06_Animal_16314_Consensus","481",0,0,3,0,0,0,0,0,3
"380","Run_5_06_Animal_16314_Consensus","482",0,0,3,0,0,0,0,0,3
"381","Run_5_06_Animal_16314_Consensus","483",0,3,0,0,0,0,0,0,3
"382","Run_5_06_Animal_16314_Consensus","484",0,0,0,3,0,0,0,0,3
"383","Run_5_06_Animal_16314_Consensus","485",0,0,0,3,0,0,0,0,3
"384","Run_5_06_Animal_16314_Consensus","486",0,0,3,0,0,0,0,0,3
"385","Run_5_06_Animal_16314_Consensus","487",0,0,3,0,0,0,0,0,3
"386","Run_5_06_Animal_16314_Consensus","488",3,0,0,0,0,0,0,0,3
"387","Run_5_06_Animal_16314_Consensus","489",3,0,0,0,0,0,0,0,3
"388","Run_5_06_Animal_16314_Consensus","490",0,3,0,0,0,0,0,0,3
"389","Run_5_06_Animal_16314_Consensus","491",3,0,0,0,0,0,0,0,3
"390","Run_5_06_Animal_16314_Consensus","492",3,0,0,0,0,0,0,0,3
"391","Run_5_06_Animal_16314_Consensus","493",0,0,3,0,0,0,0,0,3
"392","Run_5_06_Animal_16314_Consensus","494",3,0,0,0,0,0,0,0,3
"393","Run_5_06_Animal_16314_Consensus","495",0,0,3,0,0,0,0,0,3
"394","Run_5_06_Animal_16314_Consensus","496",0,3,0,0,0,0,0,0,3
"395","Run_5_06_Animal_16314_Consensus","497",3,0,0,0,0,0,0,0,3
"396","Run_5_06_Animal_16314_Consensus","498",3,0,0,0,0,0,0,0,3
"397","Run_5_06_Animal_16314_Consensus","499",4,0,0,0,0,0,0,0,4
"398","Run_5_06_Animal_16314_Consensus","500",0,0,0,4,0,0,0,0,4
"399","Run_5_06_Animal_16314_Consensus","501",0,0,70,0,0,0,0,0,70
"400","Run_5_06_Animal_16314_Consensus","502",70,0,0,0,0,0,0,0,70
"401","Run_5_06_Animal_16314_Consensus","503",0,0,0,70,0,0,0,0,70
"402","Run_5_06_Animal_16314_Consensus","504",68,0,0,0,0,0,0,0,68
"403","Run_5_06_Animal_16314_Consensus","505",0,0,68,0,0,0,0,0,68
"404","Run_5_06_Animal_16314_Consensus","506",0,0,68,0,0,0,0,0,68
"405","Run_5_06_Animal_16314_Consensus","507",0,68,0,0,0,0,0,0,68
"406","Run_5_06_Animal_16314_Consensus","508",0,0,0,68,0,0,0,0,68
"407","Run_5_06_Animal_16314_Consensus","509",0,0,68,0,0,0,0,0,68
"408","Run_5_06_Animal_16314_Consensus","510",0,0,0,68,0,0,0,0,68
"409","Run_5_06_Animal_16314_Consensus","511",68,0,0,0,0,0,0,0,68
"410","Run_5_06_Animal_16314_Consensus","512",68,0,0,0,0,0,0,0,68
"411","Run_5_06_Animal_16314_Consensus","513",68,0,0,0,0,0,0,0,68
"412","Run_5_06_Animal_16314_Consensus","514",0,0,0,68,0,0,0,0,68
"413","Run_5_06_Animal_16314_Consensus","515",0,0,0,68,0,0,0,0,68
"414","Run_5_06_Animal_16314_Consensus","516",0,69,0,0,0,0,0,0,69
"415","Run_5_06_Animal_16314_Consensus","517",117,0,1,0,0,0,0,0,118
"416","Run_5_06_Animal_16314_Consensus","518",118,0,0,0,0,0,0,0,118
"417","Run_5_06_Animal_16314_Consensus","519",0,118,0,0,0,0,0,0,118
"418","Run_5_06_Animal_16314_Consensus","520",118,0,0,0,0,0,0,0,118
"419","Run_5_06_Animal_16314_Consensus","521",0,0,0,118,0,0,0,0,118
"420","Run_5_06_Animal_16314_Consensus","522",0,0,119,0,0,0,0,0,119
"421","Run_5_06_Animal_16314_Consensus","523",120,0,0,0,0,0,0,0,120
"422","Run_5_06_Animal_16314_Consensus","524",0,121,0,0,0,0,0,0,121
"423","Run_5_06_Animal_16314_Consensus","525",121,0,0,0,0,0,0,0,121
"424","Run_5_06_Animal_16314_Consensus","526",0,0,121,0,0,0,0,0,121
"425","Run_5_06_Animal_16314_Consensus","527",0,0,123,0,0,0,0,0,123
"426","Run_5_06_Animal_16314_Consensus","528",0,0,128,0,0,0,0,0,128
"427","Run_5_06_Animal_16314_Consensus","529",0,0,0,129,0,0,0,0,129
"428","Run_5_06_Animal_16314_Consensus","530",0,0,0,185,0,0,0,0,185
"429","Run_5_06_Animal_16314_Consensus","531",187,0,0,0,0,0,0,0,187
"430","Run_5_06_Animal_16314_Consensus","532",191,0,0,1,0,0,0,0,192
"431","Run_5_06_Animal_16314_Consensus","533",194,0,0,0,0,0,0,0,194
"432","Run_5_06_Animal_16314_Consensus","534",207,0,0,0,0,0,0,0,207
"433","Run_5_06_Animal_16314_Consensus","535",221,0,0,0,0,0,0,0,221
"434","Run_5_06_Animal_16314_Consensus","536",0,0,242,0,0,0,0,0,242
"435","Run_5_06_Animal_16314_Consensus","537",264,0,0,0,0,0,0,0,264
"436","Run_5_06_Animal_16314_Consensus","538",0,0,279,0,0,0,0,0,279
"437","Run_5_06_Animal_16314_Consensus","539",314,0,0,0,0,0,0,0,314
"438","Run_5_06_Animal_16314_Consensus","540",0,331,0,0,0,0,0,0,331
"439","Run_5_06_Animal_16314_Consensus","541",380,0,0,0,0,0,0,0,380
"440","Run_5_06_Animal_16314_Consensus","542",462,0,0,0,0,0,0,0,462
"441","Run_5_06_Animal_16314_Consensus","543",0,0,542,0,0,0,0,0,542
"442","Run_5_06_Animal_16314_Consensus","544",804,0,2,0,0,0,0,0,806
"443","Run_5_06_Animal_16314_Consensus","545",1,838,0,0,0,0,0,0,839
"444","Run_5_06_Animal_16314_Consensus","546",945,0,3,1,0,0,1,0,949
"445","Run_5_06_Animal_16314_Consensus","547",1047,0,0,0,0,0,0,0,1047
"446","Run_5_06_Animal_16314_Consensus","548",1214,0,1,2,0,0,0,0,1217
"447","Run_5_06_Animal_16314_Consensus","549",0,0,1574,0,0,0,0,0,1574
"448","Run_5_06_Animal_16314_Consensus","550",6,0,1904,0,0,0,0,0,1910
"449","Run_5_06_Animal_16314_Consensus","551",2329,0,3,1,0,0,0,0,2333
"450","Run_5_06_Animal_16314_Consensus","552",5,0,2612,0,0,0,0,0,2617
"451","Run_5_06_Animal_16314_Consensus","553",3,2,0,3006,0,0,0,0,3011
"452","Run_5_06_Animal_16314_Consensus","554",3829,0,6,0,0,0,0,0,3835
"453","Run_5_06_Animal_16314_Consensus","555",0,4208,1,2,0,0,1,0,4211
"454","Run_5_06_Animal_16314_Consensus","556",5201,1,19,2,0,0,0,0,5223
"455","Run_5_06_Animal_16314_Consensus","557",6153,0,15,1,0,0,0,0,6169
"456","Run_5_06_Animal_16314_Consensus","558",0,10,1,7084,0,0,0,0,7095
"457","Run_5_06_Animal_16314_Consensus","559",7,1,7930,1,0,0,0,0,7939
"458","Run_5_06_Animal_16314_Consensus","560",8839,0,14,1,0,0,0,0,8854
"459","Run_5_06_Animal_16314_Consensus","561",9548,2,25,1,0,0,0,0,9576
"460","Run_5_06_Animal_16314_Consensus","562",9881,0,4,0,0,0,0,0,9885
"461","Run_5_06_Animal_16314_Consensus","563",2,10681,0,8,0,0,0,0,10691
"462","Run_5_06_Animal_16314_Consensus","564",2,13,5,12606,0,0,0,0,12626
"463","Run_5_06_Animal_16314_Consensus","565",3,10,2,14313,0,0,0,0,14328
"464","Run_5_06_Animal_16314_Consensus","566",36,0,14941,1,0,0,2,0,14978
"465","Run_5_06_Animal_16314_Consensus","567",16,0,16022,3,0,0,0,0,16041
"466","Run_5_06_Animal_16314_Consensus","568",5,20,1,16722,0,0,0,0,16748
"467","Run_5_06_Animal_16314_Consensus","569",18209,1,16,2,0,0,0,0,18228
"468","Run_5_06_Animal_16314_Consensus","570",7,18708,6,20,0,0,0,0,18741
"469","Run_5_06_Animal_16314_Consensus","571",5,25,4,21566,0,0,0,0,21600
"470","Run_5_06_Animal_16314_Consensus","572",11,23830,2,24,0,0,0,0,23867
"471","Run_5_06_Animal_16314_Consensus","573",6,29,4,27615,0,0,0,0,27654
"472","Run_5_06_Animal_16314_Consensus","574",29984,1,54,3,0,0,0,0,30042
"473","Run_5_06_Animal_16314_Consensus","575",8,30529,1,23,0,0,0,0,30561
"474","Run_5_06_Animal_16314_Consensus","576",33720,2,50,11,0,0,0,0,33783
"475","Run_5_06_Animal_16314_Consensus","577",10,3,35555,5,0,0,0,0,35573
"476","Run_5_06_Animal_16314_Consensus","578",37657,0,47,3,0,0,0,0,37707
"477","Run_5_06_Animal_16314_Consensus","579",4,43,5,41294,0,0,5,0,41346
"478","Run_5_06_Animal_16314_Consensus","580",2,46,60,44861,0,0,0,0,44969
"479","Run_5_06_Animal_16314_Consensus","581",11,43,6,50364,0,0,0,0,50424
"480","Run_5_06_Animal_16314_Consensus","582",110,2,51702,6,0,0,0,0,51820
"481","Run_5_06_Animal_16314_Consensus","583",30,2,53867,0,0,0,0,0,53899
"482","Run_5_06_Animal_16314_Consensus","584",18,61,13,54316,0,0,1,0,54408
"483","Run_5_06_Animal_16314_Consensus","585",15,98,6,56731,0,0,0,0,56850
"484","Run_5_06_Animal_16314_Consensus","586",3,81,5,59508,0,0,0,0,59597
"485","Run_5_06_Animal_16314_Consensus","587",150,1,60723,5,0,0,0,0,60879
"486","Run_5_06_Animal_16314_Consensus","588",12,95,12,61631,0,0,0,0,61750
"487","Run_5_06_Animal_16314_Consensus","589",43,4,63427,10,0,0,1,0,63484
"488","Run_5_06_Animal_16314_Consensus","590",65081,1,116,33,0,0,0,0,65231
"489","Run_5_06_Animal_16314_Consensus","591",65490,18,150,13,0,0,1,0,65671
"490","Run_5_06_Animal_16314_Consensus","592",38,65706,2,56,0,0,3,0,65802
"491","Run_5_06_Animal_16314_Consensus","593",69161,4,88,16,0,0,2,0,69269
"492","Run_5_06_Animal_16314_Consensus","594",69588,8,98,13,0,0,0,0,69707
"493","Run_5_06_Animal_16314_Consensus","595",131,2,69924,23,0,0,3,0,70080
"494","Run_5_06_Animal_16314_Consensus","596",83,0,70569,17,0,0,0,0,70669
"495","Run_5_06_Animal_16314_Consensus","597",53,3,71510,27,0,0,0,0,71593
"496","Run_5_06_Animal_16314_Consensus","598",72365,7,127,33,0,0,5,0,72532
"497","Run_5_06_Animal_16314_Consensus","599",72714,1,125,19,0,0,1,0,72859
"498","Run_5_06_Animal_16314_Consensus","600",25,68,3,73012,0,0,1,0,73108
"499","Run_5_06_Animal_16314_Consensus","601",73850,1,119,20,0,0,1,0,73990
"500","Run_5_06_Animal_16314_Consensus","602",45,4,74488,17,0,0,1,0,74554
"501","Run_5_06_Animal_16314_Consensus","603",84,75495,4,48,0,0,0,0,75631
"502","Run_5_06_Animal_16314_Consensus","604",78973,2,116,27,0,0,1,0,79118
"503","Run_5_06_Animal_16314_Consensus","605",71,79355,4,57,0,0,0,0,79487
"504","Run_5_06_Animal_16314_Consensus","606",22,97,1,82193,0,0,1,0,82313
"505","Run_5_06_Animal_16314_Consensus","607",192,5,83281,13,0,0,1,0,83491
"506","Run_5_06_Animal_16314_Consensus","608",84147,2,160,24,0,0,0,0,84333
"507","Run_5_06_Animal_16314_Consensus","609",5,88,10,85095,0,0,2,0,85198
"508","Run_5_06_Animal_16314_Consensus","610",86456,4,93,19,0,0,27,0,86572
"509","Run_5_06_Animal_16314_Consensus","611",86906,7,91,16,0,0,22,0,87020
"510","Run_5_06_Animal_16314_Consensus","612",7,136,7,87136,0,0,22,0,87286
"511","Run_5_06_Animal_16314_Consensus","613",68,1,88143,10,0,0,23,0,88222
"512","Run_5_06_Animal_16314_Consensus","614",88668,10,114,28,0,0,26,5,88820
"513","Run_5_06_Animal_16314_Consensus","615",88838,5,231,11,0,0,0,0,89085
"514","Run_5_06_Animal_16314_Consensus","616",89076,21,165,28,0,0,0,0,89290
"515","Run_5_06_Animal_16314_Consensus","617",26,1,89480,10,0,0,0,0,89517
"516","Run_5_06_Animal_16314_Consensus","618",19,93,2,89664,0,0,0,0,89778
"517","Run_5_06_Animal_16314_Consensus","619",90165,7,131,16,0,0,1,0,90319
"518","Run_5_06_Animal_16314_Consensus","620",81,1,90987,12,0,0,1,0,91081
"519","Run_5_06_Animal_16314_Consensus","621",91451,6,180,22,0,0,1,0,91659
"520","Run_5_06_Animal_16314_Consensus","622",12,131,7,92354,0,0,1,0,92504
"521","Run_5_06_Animal_16314_Consensus","623",55,1,93065,16,0,0,0,0,93137
"522","Run_5_06_Animal_16314_Consensus","624",29,157,17,93136,0,0,7,0,93339
"523","Run_5_06_Animal_16314_Consensus","625",8,153,5,93694,0,0,0,0,93860
"524","Run_5_06_Animal_16314_Consensus","626",94057,6,125,16,0,0,4,0,94204
"525","Run_5_06_Animal_16314_Consensus","627",13,94150,11,85,0,0,1,0,94259
"526","Run_5_06_Animal_16314_Consensus","628",94615,2,205,9,0,0,0,0,94831
"527","Run_5_06_Animal_16314_Consensus","629",19,151,9,94855,0,0,0,0,95034
"528","Run_5_06_Animal_16314_Consensus","630",127,4,95230,22,0,0,2,0,95383
"529","Run_5_06_Animal_16314_Consensus","631",95383,5,229,41,0,0,0,0,95658
"530","Run_5_06_Animal_16314_Consensus","632",95539,3,251,13,0,0,0,0,95806
"531","Run_5_06_Animal_16314_Consensus","633",33,123,4,95755,0,0,1,0,95915
"532","Run_5_06_Animal_16314_Consensus","634",46,96370,0,62,0,0,0,0,96478
"533","Run_5_06_Animal_16314_Consensus","635",97638,6,147,31,0,0,0,0,97822
"534","Run_5_06_Animal_16314_Consensus","636",11,97947,2,53,0,0,1,0,98013
"535","Run_5_06_Animal_16314_Consensus","637",23,179,8,99053,0,0,2,0,99263
"536","Run_5_06_Animal_16314_Consensus","638",71,4,99574,22,0,0,3,0,99671
"537","Run_5_06_Animal_16314_Consensus","639",16,131,7,99676,0,0,5,0,99830
"538","Run_5_06_Animal_16314_Consensus","640",100020,2,136,11,0,0,13,0,100169
"539","Run_5_06_Animal_16314_Consensus","641",100099,11,159,33,0,0,0,0,100302
"540","Run_5_06_Animal_16314_Consensus","642",17,100277,1,74,0,0,0,0,100369
"541","Run_5_06_Animal_16314_Consensus","643",100746,2,141,24,0,0,0,0,100913
"542","Run_5_06_Animal_16314_Consensus","644",20,100907,1,28,0,0,0,0,100956
"543","Run_5_06_Animal_16314_Consensus","645",14,234,9,101392,0,0,3,0,101649
"544","Run_5_06_Animal_16314_Consensus","646",12,154,6,101727,0,0,2,0,101899
"545","Run_5_06_Animal_16314_Consensus","647",15,102074,4,42,0,0,3,0,102135
"546","Run_5_06_Animal_16314_Consensus","648",22,92,11,103099,0,0,0,0,103224
"547","Run_5_06_Animal_16314_Consensus","649",103436,2,93,21,0,0,2,0,103552
"548","Run_5_06_Animal_16314_Consensus","650",28,145,9,103525,0,0,6,0,103707
"549","Run_5_06_Animal_16314_Consensus","651",7,135,4,103920,0,0,2,0,104066
"550","Run_5_06_Animal_16314_Consensus","652",104181,1,121,9,0,0,11,0,104312
"551","Run_5_06_Animal_16314_Consensus","653",19,198,6,104277,0,0,0,0,104500
"552","Run_5_06_Animal_16314_Consensus","654",42,105019,3,62,0,0,4,0,105126
"553","Run_5_06_Animal_16314_Consensus","655",28,105957,9,74,0,0,0,0,106068
"554","Run_5_06_Animal_16314_Consensus","656",106700,7,130,25,0,0,2,0,106862
"555","Run_5_06_Animal_16314_Consensus","657",106750,0,150,24,0,0,1,0,106924
"556","Run_5_06_Animal_16314_Consensus","658",134,3,106860,9,0,0,1,0,107006
"557","Run_5_06_Animal_16314_Consensus","659",106850,3,214,34,0,0,0,0,107101
"558","Run_5_06_Animal_16314_Consensus","660",27,4,107652,1,0,0,0,0,107684
"559","Run_5_06_Animal_16314_Consensus","661",17,231,5,107598,0,0,0,0,107851
"560","Run_5_06_Animal_16314_Consensus","662",15,108000,5,67,0,0,0,0,108087
"561","Run_5_06_Animal_16314_Consensus","663",21,173,11,108788,0,0,4,0,108993
"562","Run_5_06_Animal_16314_Consensus","664",12,199,3,109065,0,0,8,0,109279
"563","Run_5_06_Animal_16314_Consensus","665",209,2,109212,8,0,0,10,0,109431
"564","Run_5_06_Animal_16314_Consensus","666",30,282,10,109184,0,0,0,0,109506
"565","Run_5_06_Animal_16314_Consensus","667",52,9,109532,21,0,0,4,0,109614
"566","Run_5_06_Animal_16314_Consensus","668",109407,5,292,59,0,0,1,0,109763
"567","Run_5_06_Animal_16314_Consensus","669",3,109762,7,84,0,0,3,0,109856
"568","Run_5_06_Animal_16314_Consensus","670",109873,12,229,25,0,0,0,0,110139
"569","Run_5_06_Animal_16314_Consensus","671",110046,8,170,28,0,0,0,0,110252
"570","Run_5_06_Animal_16314_Consensus","672",176,0,110153,11,0,0,0,0,110340
"571","Run_5_06_Animal_16314_Consensus","673",12,110279,3,130,0,0,0,0,110424
"572","Run_5_06_Animal_16314_Consensus","674",110562,4,207,11,0,0,0,0,110784
"573","Run_5_06_Animal_16314_Consensus","675",10,137,9,110749,0,0,7,0,110905
"574","Run_5_06_Animal_16314_Consensus","676",11,93,4,110976,0,0,0,0,111084
"575","Run_5_06_Animal_16314_Consensus","677",111001,4,139,5,0,0,2,3,111149
"576","Run_5_06_Animal_16314_Consensus","678",20,128,4,111194,0,0,2,0,111346
"577","Run_5_06_Animal_16314_Consensus","679",29,121,16,111321,0,0,0,0,111487
"578","Run_5_06_Animal_16314_Consensus","680",2145,6,109297,33,0,0,46,0,111481
"579","Run_5_06_Animal_16314_Consensus","681",126,1,111446,20,0,0,6,0,111593
"580","Run_5_06_Animal_16314_Consensus","682",115,7,111545,23,0,0,0,1,111690
"581","Run_5_06_Animal_16314_Consensus","683",111413,4,249,31,0,0,0,0,111697
"582","Run_5_06_Animal_16314_Consensus","684",18,103,7,111760,0,0,0,0,111888
"583","Run_5_06_Animal_16314_Consensus","685",111869,2,150,20,0,0,1,0,112041
"584","Run_5_06_Animal_16314_Consensus","686",13,111984,0,52,0,0,1,0,112049
"585","Run_5_06_Animal_16314_Consensus","687",21,108,4,112073,0,0,1,0,112206
"586","Run_5_06_Animal_16314_Consensus","688",112155,3,136,19,0,0,0,0,112313
"587","Run_5_06_Animal_16314_Consensus","689",31,167,9,112111,0,0,4,0,112318
"588","Run_5_06_Animal_16314_Consensus","690",10,103,9,112319,0,0,0,0,112441
"589","Run_5_06_Animal_16314_Consensus","691",112191,9,198,19,0,0,10,0,112417
"590","Run_5_06_Animal_16314_Consensus","692",42,2,112468,58,0,0,0,0,112570
"591","Run_5_06_Animal_16314_Consensus","693",112356,3,164,12,0,0,0,0,112535
"592","Run_5_06_Animal_16314_Consensus","694",9,157,8,112487,0,0,52,0,112661
"593","Run_5_06_Animal_16314_Consensus","695",15,142,15,112609,0,0,0,0,112781
"594","Run_5_06_Animal_16314_Consensus","696",4,140,8,112811,0,0,0,0,112963
"595","Run_5_06_Animal_16314_Consensus","697",112694,69,171,29,0,0,0,0,112963
"596","Run_5_06_Animal_16314_Consensus","698",206,2,112938,22,0,0,1,0,113168
"597","Run_5_06_Animal_16314_Consensus","699",82,2,113125,10,0,0,0,0,113219
"598","Run_5_06_Animal_16314_Consensus","700",23,186,6,112995,0,0,0,0,113210
"599","Run_5_06_Animal_16314_Consensus","701",113092,7,157,5,0,0,0,0,113261
"600","Run_5_06_Animal_16314_Consensus","702",14,137,54,113119,0,0,3,0,113324
"601","Run_5_06_Animal_16314_Consensus","703",16,241,9,113094,0,0,1,0,113360
"602","Run_5_06_Animal_16314_Consensus","704",61,6,113301,5,0,0,5,0,113373
"603","Run_5_06_Animal_16314_Consensus","705",44,217,10,113063,0,0,0,0,113334
"604","Run_5_06_Animal_16314_Consensus","706",67,7,113239,14,0,0,1,0,113327
"605","Run_5_06_Animal_16314_Consensus","707",21,113133,4,80,0,0,0,0,113238
"606","Run_5_06_Animal_16314_Consensus","708",113112,9,225,9,0,0,4,0,113355
"607","Run_5_06_Animal_16314_Consensus","709",21,113201,7,86,0,0,0,0,113315
"608","Run_5_06_Animal_16314_Consensus","710",16,113189,1,84,0,0,0,0,113290
"609","Run_5_06_Animal_16314_Consensus","711",32,260,768,112235,0,0,0,0,113295
"610","Run_5_06_Animal_16314_Consensus","712",17,112940,2,72,0,0,13,0,113031
"611","Run_5_06_Animal_16314_Consensus","713",15,112568,5,138,0,0,1,0,112726
"612","Run_5_06_Animal_16314_Consensus","714",112467,10,152,23,0,0,7,0,112652
"613","Run_5_06_Animal_16314_Consensus","715",66,3,112595,27,0,0,5,0,112691
"614","Run_5_06_Animal_16314_Consensus","716",127,2,112587,13,0,0,0,0,112729
"615","Run_5_06_Animal_16314_Consensus","717",26,169,466,112120,0,0,16,0,112781
"616","Run_5_06_Animal_16314_Consensus","718",19,90,13,112723,0,0,1,0,112845
"617","Run_5_06_Animal_16314_Consensus","719",112535,9,151,13,0,0,83,0,112708
"618","Run_5_06_Animal_16314_Consensus","720",23,208,13,112515,0,0,76,0,112759
"619","Run_5_06_Animal_16314_Consensus","721",104,4,112503,8,0,0,76,0,112619
"620","Run_5_06_Animal_16314_Consensus","722",5,112393,2,67,0,0,76,0,112467
"621","Run_5_06_Animal_16314_Consensus","723",21,186,13,112085,0,0,96,0,112305
"622","Run_5_06_Animal_16314_Consensus","724",19,205,39,112096,0,0,79,0,112359
"623","Run_5_06_Animal_16314_Consensus","725",17,170,13,112126,0,0,76,0,112326
"624","Run_5_06_Animal_16314_Consensus","726",54,4,112232,14,0,0,81,0,112304
"625","Run_5_06_Animal_16314_Consensus","727",2,112149,5,94,0,0,76,0,112250
"626","Run_5_06_Animal_16314_Consensus","728",17,220,15,112023,0,0,87,0,112275
"627","Run_5_06_Animal_16314_Consensus","729",9,119,7,112335,0,0,77,0,112470
"628","Run_5_06_Animal_16314_Consensus","730",112320,13,141,25,0,0,87,0,112499
"629","Run_5_06_Animal_16314_Consensus","731",113,4,112282,58,0,0,77,0,112457
"630","Run_5_06_Animal_16314_Consensus","732",112148,7,190,13,0,0,76,0,112358
"631","Run_5_06_Animal_16314_Consensus","733",14,203,4,112185,0,0,76,0,112406
"632","Run_5_06_Animal_16314_Consensus","734",91,4,112302,21,0,0,76,0,112418
"633","Run_5_06_Animal_16314_Consensus","735",15,199,7,112162,0,0,82,0,112383
"634","Run_5_06_Animal_16314_Consensus","736",112219,4,137,14,0,0,100,0,112374
"635","Run_5_06_Animal_16314_Consensus","737",112157,11,163,24,0,0,76,0,112355
"636","Run_5_06_Animal_16314_Consensus","738",37,215,10,112119,0,0,76,0,112381
"637","Run_5_06_Animal_16314_Consensus","739",126,6,112203,26,0,0,76,0,112361
"638","Run_5_06_Animal_16314_Consensus","740",112042,2,213,18,0,0,141,0,112275
"639","Run_5_06_Animal_16314_Consensus","741",10,112036,44,68,0,0,141,0,112158
"640","Run_5_06_Animal_16314_Consensus","742",111932,7,198,34,0,0,139,0,112171
"641","Run_5_06_Animal_16314_Consensus","743",16,112027,5,68,0,0,139,0,112116
"642","Run_5_06_Animal_16314_Consensus","744",111660,13,271,28,0,0,150,0,111972
"643","Run_5_06_Animal_16314_Consensus","745",111647,16,188,24,0,0,143,0,111875
"644","Run_5_06_Animal_16314_Consensus","746",111823,12,155,11,0,0,123,0,112001
"645","Run_5_06_Animal_16314_Consensus","747",12,137,12,111910,0,0,127,0,112071
"646","Run_5_06_Animal_16314_Consensus","748",9,101,15,111696,0,0,123,0,111821
"647","Run_5_06_Animal_16314_Consensus","749",111681,19,169,47,0,0,65,0,111916
"648","Run_5_06_Animal_16314_Consensus","750",28,244,8,111612,0,0,66,0,111892
"649","Run_5_06_Animal_16314_Consensus","751",80,170,5,111592,0,0,63,0,111847
"650","Run_5_06_Animal_16314_Consensus","752",20,111797,10,99,0,0,6,0,111926
"651","Run_5_06_Animal_16314_Consensus","753",111660,23,198,18,0,0,0,0,111899
"652","Run_5_06_Animal_16314_Consensus","754",92,1,111915,13,0,0,1,0,112021
"653","Run_5_06_Animal_16314_Consensus","755",152,5,111850,9,0,0,0,0,112016
"654","Run_5_06_Animal_16314_Consensus","756",7,111839,2,64,0,0,0,0,111912
"655","Run_5_06_Animal_16314_Consensus","757",9,191,3,111672,0,0,31,0,111875
"656","Run_5_06_Animal_16314_Consensus","758",37,137,6,111710,0,0,1,0,111890
"657","Run_5_06_Animal_16314_Consensus","759",10,124,6,111739,0,0,0,0,111879
"658","Run_5_06_Animal_16314_Consensus","760",111742,6,89,15,0,0,0,0,111852
"659","Run_5_06_Animal_16314_Consensus","761",31,191,14,111543,0,0,0,0,111779
"660","Run_5_06_Animal_16314_Consensus","762",55,3,111590,14,0,0,0,0,111662
"661","Run_5_06_Animal_16314_Consensus","763",64,110768,4,94,0,0,3,0,110930
"662","Run_5_06_Animal_16314_Consensus","764",19,110843,3,116,0,0,0,0,110981
"663","Run_5_06_Animal_16314_Consensus","765",13,150,46,110828,0,0,1,0,111037
"664","Run_5_06_Animal_16314_Consensus","766",110841,11,119,10,0,0,57,0,110981
"665","Run_5_06_Animal_16314_Consensus","767",110680,16,226,28,0,0,2,0,110950
"666","Run_5_06_Animal_16314_Consensus","768",110793,8,179,11,0,0,0,0,110991
"667","Run_5_06_Animal_16314_Consensus","769",13,128,8,110875,0,0,0,0,111024
"668","Run_5_06_Animal_16314_Consensus","770",53,0,110916,8,0,0,0,0,110977
"669","Run_5_06_Animal_16314_Consensus","771",12,515,5,110322,0,0,1,0,110854
"670","Run_5_06_Animal_16314_Consensus","772",24,224,8,110452,0,0,1,0,110708
"671","Run_5_06_Animal_16314_Consensus","773",18,110543,3,57,0,0,4,0,110621
"672","Run_5_06_Animal_16314_Consensus","774",14,119,7,110460,0,0,4,0,110600
"673","Run_5_06_Animal_16314_Consensus","775",110432,8,119,9,0,0,8,0,110568
"674","Run_5_06_Animal_16314_Consensus","776",110256,12,186,38,0,0,0,0,110492
"675","Run_5_06_Animal_16314_Consensus","777",83,5,110351,53,0,0,1,0,110492
"676","Run_5_06_Animal_16314_Consensus","778",52,6,110328,5,0,0,1,0,110391
"677","Run_5_06_Animal_16314_Consensus","779",23,141,8,110120,0,0,1,0,110292
"678","Run_5_06_Animal_16314_Consensus","780",141,4,110102,15,0,0,16,0,110262
"679","Run_5_06_Animal_16314_Consensus","781",41,4,110203,12,0,0,1,0,110260
"680","Run_5_06_Animal_16314_Consensus","782",34,139,18,110029,0,0,1,0,110220
"681","Run_5_06_Animal_16314_Consensus","783",173,4,109903,25,0,0,34,0,110105
"682","Run_5_06_Animal_16314_Consensus","784",41,3,109970,12,0,0,1,0,110026
"683","Run_5_06_Animal_16314_Consensus","785",54,219,6,109670,0,0,1,0,109949
"684","Run_5_06_Animal_16314_Consensus","786",16,109742,3,44,0,0,1,0,109805
"685","Run_5_06_Animal_16314_Consensus","787",25,232,10,109511,0,0,1,0,109778
"686","Run_5_06_Animal_16314_Consensus","788",19,109425,8,41,0,0,1,0,109493
"687","Run_5_06_Animal_16314_Consensus","789",14,234,14,109414,0,0,2,0,109676
"688","Run_5_06_Animal_16314_Consensus","790",51,196,11,109500,0,0,1,0,109758
"689","Run_5_06_Animal_16314_Consensus","791",20,110689,6,73,0,0,0,0,110788
"690","Run_5_06_Animal_16314_Consensus","792",111403,6,176,14,0,0,0,0,111599
"691","Run_5_06_Animal_16314_Consensus","793",39,198,9,111283,0,0,6,0,111529
"692","Run_5_06_Animal_16314_Consensus","794",64,29,111313,18,0,0,5,0,111424
"693","Run_5_06_Animal_16314_Consensus","795",134,109356,54,396,0,0,1,0,109940
"694","Run_5_06_Animal_16314_Consensus","796",109406,89,239,15,0,0,2,0,109749
"695","Run_5_06_Animal_16314_Consensus","797",7,109131,10,299,0,0,105,50,109447
"696","Run_5_06_Animal_16314_Consensus","798",109105,7,137,16,0,0,199,1,109265
"697","Run_5_06_Animal_16314_Consensus","799",108964,76,171,21,0,0,5,41,109232
"698","Run_5_06_Animal_16314_Consensus","800",42,7,108887,21,0,0,123,0,108957
"699","Run_5_06_Animal_16314_Consensus","801",81,6,108745,9,0,0,36,0,108841
"700","Run_5_06_Animal_16314_Consensus","802",108474,10,195,14,0,0,74,1,108693
"701","Run_5_06_Animal_16314_Consensus","803",17,154,6,108331,0,0,129,5,108508
"702","Run_5_06_Animal_16314_Consensus","804",107,5,108385,18,0,0,32,0,108515
"703","Run_5_06_Animal_16314_Consensus","805",108242,4,144,28,0,0,32,1,108418
"704","Run_5_06_Animal_16314_Consensus","806",22,152,4,108091,0,0,76,0,108269
"705","Run_5_06_Animal_16314_Consensus","807",218,10,107831,19,0,0,46,0,108078
"706","Run_5_06_Animal_16314_Consensus","808",59,11,107818,11,0,0,3,0,107899
"707","Run_5_06_Animal_16314_Consensus","809",107306,6,220,36,0,0,51,0,107568
"708","Run_5_06_Animal_16314_Consensus","810",69,6,107431,8,0,0,47,0,107514
"709","Run_5_06_Animal_16314_Consensus","811",107233,6,212,33,0,0,7,0,107484
"710","Run_5_06_Animal_16314_Consensus","812",7,107005,3,214,0,0,27,0,107229
"711","Run_5_06_Animal_16314_Consensus","813",106999,3,167,21,0,0,35,0,107190
"712","Run_5_06_Animal_16314_Consensus","814",11,106880,68,98,0,0,0,0,107057
"713","Run_5_06_Animal_16314_Consensus","815",106649,7,173,40,0,0,1,0,106869
"714","Run_5_06_Animal_16314_Consensus","816",139,11,106596,12,0,0,0,0,106758
"715","Run_5_06_Animal_16314_Consensus","817",106381,2,22,2,0,0,1,0,106407
"716","Run_5_06_Animal_16314_Consensus","818",0,106018,0,3,0,0,0,0,106021
"717","Run_5_06_Animal_16314_Consensus","819",2,2,0,103627,0,0,2,0,103631
"718","Run_5_06_Animal_16314_Consensus","820",2,2,0,102979,0,0,9,0,102983
"719","Run_5_06_Animal_16314_Consensus","821",102723,20,26,0,0,0,9,0,102769
"720","Run_5_06_Animal_16314_Consensus","822",0,4597,0,215,0,0,0,0,4812
"721","Run_5_06_Animal_16314_Consensus","823",32,0,27,1,0,0,0,0,60
"722","Run_5_06_Animal_16314_Consensus","824",0,32,0,0,0,0,0,0,32
"723","Run_5_06_Animal_16314_Consensus","825",0,0,0,27,0,0,0,0,27
"724","Run_5_06_Animal_16314_Consensus","826",0,0,0,27,0,0,0,0,27
"725","Run_5_06_Animal_16314_Consensus","827",0,0,27,0,0,0,0,0,27
"726","Run_5_06_Animal_16314_Consensus","828",0,0,20,0,0,0,0,0,20
"727","Run_5_06_Animal_16314_Consensus","829",0,0,0,20,0,0,0,0,20
"728","Run_5_06_Animal_16314_Consensus","830",0,0,0,19,0,0,0,0,19
"729","Run_5_06_Animal_16314_Consensus","831",0,0,0,19,0,0,0,0,19
"730","Run_5_06_Animal_16314_Consensus","832",0,0,19,0,0,0,0,0,19
"731","Run_5_06_Animal_16314_Consensus","833",0,0,19,0,0,0,0,0,19
"732","Run_5_06_Animal_16314_Consensus","834",0,19,0,0,0,0,0,0,19
"733","Run_5_06_Animal_16314_Consensus","835",0,0,0,19,0,0,0,0,19
"734","Run_5_06_Animal_16314_Consensus","836",0,2,0,17,0,0,0,0,19
"735","Run_5_06_Animal_16314_Consensus","837",0,0,0,19,0,0,0,0,19
"736","Run_5_06_Animal_16314_Consensus","838",19,0,0,0,0,0,0,0,19
"737","Run_5_06_Animal_16314_Consensus","839",19,0,0,0,0,0,0,0,19
"738","Run_5_06_Animal_16314_Consensus","840",0,0,0,19,0,0,0,0,19
"739","Run_5_06_Animal_16314_Consensus","841",0,0,19,0,0,0,0,0,19
"740","Run_5_06_Animal_16314_Consensus","842",0,0,19,0,0,0,0,0,19
"741","Run_5_06_Animal_16314_Consensus","843",19,0,0,0,0,0,0,0,19
"742","Run_5_06_Animal_16314_Consensus","844",19,0,0,0,0,0,0,0,19
"743","Run_5_06_Animal_16314_Consensus","845",0,19,0,0,0,0,0,0,19
"744","Run_5_06_Animal_16314_Consensus","846",0,0,0,19,0,0,0,0,19
"745","Run_5_06_Animal_16314_Consensus","847",19,0,0,0,0,0,0,0,19
"746","Run_5_06_Animal_16314_Consensus","848",0,0,19,0,0,0,0,0,19
"747","Run_5_06_Animal_16314_Consensus","849",19,0,0,0,0,0,0,0,19
"748","Run_5_06_Animal_16314_Consensus","850",0,0,19,0,0,0,0,0,19
"749","Run_5_06_Animal_16314_Consensus","851",0,19,0,0,0,0,0,0,19
"750","Run_5_06_Animal_16314_Consensus","852",19,0,0,0,0,0,0,0,19
"751","Run_5_06_Animal_16314_Consensus","853",0,0,19,0,0,0,0,0,19
"752","Run_5_06_Animal_16314_Consensus","854",19,0,0,0,0,0,0,0,19
"753","Run_5_06_Animal_16314_Consensus","855",19,0,0,0,0,0,0,0,19
"754","Run_5_06_Animal_16314_Consensus","856",19,0,0,0,0,0,0,0,19
"755","Run_5_06_Animal_16314_Consensus","857",19,0,0,0,0,0,0,0,19
"756","Run_5_06_Animal_16314_Consensus","858",0,0,0,19,0,0,0,0,19
"757","Run_5_06_Animal_16314_Consensus","859",19,0,0,0,0,0,0,0,19
"758","Run_5_06_Animal_16314_Consensus","860",0,0,19,0,0,0,0,0,19
"759","Run_5_06_Animal_16314_Consensus","861",19,0,0,0,0,0,0,0,19
"760","Run_5_06_Animal_16314_Consensus","862",19,0,0,0,0,0,0,0,19
"761","Run_5_06_Animal_16314_Consensus","863",0,19,0,0,0,0,0,0,19
"762","Run_5_06_Animal_16314_Consensus","864",0,0,0,19,0,0,0,0,19
"763","Run_5_06_Animal_16314_Consensus","865",0,0,2,17,0,0,0,0,19
"764","Run_5_06_Animal_16314_Consensus","866",19,0,0,0,0,0,0,0,19
"765","Run_5_06_Animal_16314_Consensus","867",0,0,0,19,0,0,0,0,19
"766","Run_5_06_Animal_16314_Consensus","868",19,0,0,0,0,0,0,0,19
"767","Run_5_06_Animal_16314_Consensus","869",0,0,0,19,0,0,0,0,19
"768","Run_5_06_Animal_16314_Consensus","870",0,0,0,19,0,0,0,0,19
"769","Run_5_06_Animal_16314_Consensus","871",0,0,0,19,0,0,0,0,19
"770","Run_5_06_Animal_16314_Consensus","872",111,0,0,0,0,0,0,0,111
"771","Run_5_06_Animal_16314_Consensus","873",0,122,0,0,0,0,0,0,122
"772","Run_5_06_Animal_16314_Consensus","874",0,0,0,122,0,0,0,0,122
"773","Run_5_06_Animal_16314_Consensus","875",0,0,123,0,0,0,0,0,123
"774","Run_5_06_Animal_16314_Consensus","876",0,0,121,0,0,0,0,0,121
"775","Run_5_06_Animal_16314_Consensus","877",0,121,0,0,0,0,0,0,121
"776","Run_5_06_Animal_16314_Consensus","878",121,0,0,0,0,0,0,0,121
"777","Run_5_06_Animal_16314_Consensus","879",0,0,0,121,0,0,0,0,121
"778","Run_5_06_Animal_16314_Consensus","880",0,0,121,0,0,0,0,0,121
"779","Run_5_06_Animal_16314_Consensus","881",0,0,121,0,0,0,0,0,121
"780","Run_5_06_Animal_16314_Consensus","882",0,0,0,121,0,0,0,0,121
"781","Run_5_06_Animal_16314_Consensus","883",121,0,0,0,0,0,0,0,121
"782","Run_5_06_Animal_16314_Consensus","884",0,0,121,0,0,0,0,0,121
"783","Run_5_06_Animal_16314_Consensus","885",0,0,120,0,0,0,0,0,120
"784","Run_5_06_Animal_16314_Consensus","886",0,0,120,0,0,0,0,0,120
"785","Run_5_06_Animal_16314_Consensus","887",120,0,0,0,0,0,0,0,120
"786","Run_5_06_Animal_16314_Consensus","888",0,0,0,120,0,0,0,0,120
"787","Run_5_06_Animal_16314_Consensus","889",117,1,0,0,0,0,0,0,118
"788","Run_5_06_Animal_16314_Consensus","890",118,0,0,0,0,0,0,0,118
"789","Run_5_06_Animal_16314_Consensus","891",0,0,0,118,0,0,0,0,118
"790","Run_5_06_Animal_16314_Consensus","892",118,0,0,0,0,0,0,0,118
"791","Run_5_06_Animal_16314_Consensus","893",0,0,118,0,0,0,0,0,118
"792","Run_5_06_Animal_16314_Consensus","894",0,0,118,0,0,0,0,0,118
"793","Run_5_06_Animal_16314_Consensus","895",118,0,0,0,0,0,0,0,118
"794","Run_5_06_Animal_16314_Consensus","896",0,118,0,0,0,0,0,0,118
"795","Run_5_06_Animal_16314_Consensus","897",0,0,0,118,0,0,0,0,118
"796","Run_5_06_Animal_16314_Consensus","898",117,0,0,0,0,0,0,0,117
"797","Run_5_06_Animal_16314_Consensus","899",0,0,0,116,0,0,0,0,116
"798","Run_5_06_Animal_16314_Consensus","900",115,0,0,0,0,0,0,0,115
"799","Run_5_06_Animal_16314_Consensus","901",115,0,0,0,0,0,0,0,115
"800","Run_5_06_Animal_16314_Consensus","902",0,0,0,115,0,0,0,0,115
"801","Run_5_06_Animal_16314_Consensus","903",0,3,0,112,0,0,0,0,115
"802","Run_5_06_Animal_16314_Consensus","904",115,0,0,0,0,0,0,0,115
"803","Run_5_06_Animal_16314_Consensus","905",0,0,115,0,0,0,0,0,115
